trade_id,trade_date,book,trader,instrument,side,quantity,price,counterparty_id,account,market,currency,settlement_date,isin,booking_timestamp
TRD000001,2026-03-03,FX_G10,R.Patel,FX Forward,BUY,100,156.28,CP019,TRDACC70443,SG,EUR,2026-03-06,ISIN765408938,2026-03-03T11:31:00
TRD000002,2026-05-29,PB_GLOBAL,M.Jones,ETF,SELL,2500,96.15,CP007,TRDACC11061,JP,JPY,2026-05-31,ISIN850845198,2026-05-29T08:53:00
TRD000003,2026-11-26,RATES_APAC,A.Sharma,GDR,SELL,250,160.78,CP022,TRDACC27224,SG,SGD,2026-11-27,ISIN794002948,2026-11-26T12:50:00
TRD000004,2026-12-21,CASH_EQ_EMEA,L.Chen,IRS,BUY,1000,242.14,CP005,TRDACC69609,GB,SGD,2026-12-22,ISIN492747974,2026-12-21T14:00:00
TRD000005,2026-01-10,RATES_APAC,M.Jones,Equity,SELL,500,249.02,CP021,TRDACC97881,JP,USD,2026-01-11,ISIN204359116,2026-01-10T16:08:00
TRD000006,2026-06-03,EQD_NY,A.Sharma,GDR,SELL,5000,98.16,CP015,,JP,EUR,2026-06-04,,2026-06-03T14:17:00
TRD000007,2026-03-23,EQD_NY,A.Sharma,Bond,BUY,2500,10.68,CP007,TRDACC27275,GB,GBP,2026-03-26,ISIN239577989,2026-03-23T12:51:00
TRD000008,2026-09-20,PB_GLOBAL,L.Chen,Bond,SELL,100,118.48,CP016,,JP,GBP,2026-09-21,,2026-09-20T19:50:00
TRD000009,2026-05-12,PB_GLOBAL,K.Ito,Equity,BUY,2500,155.3,CP013,TRDACC66370,IN,INR,2026-05-15,ISIN951580447,2026-05-12T09:54:00
TRD000010,2026-02-16,FX_G10,L.Chen,ETF,SELL,100,188.7,CP003,TRDACC97819,US,USD,2026-02-17,ISIN971630639,2026-02-16T16:03:00
TRD000011,2026-04-27,EQD_NY,M.Jones,IRS,BUY,100,94.03,CP005,,SG,JPY,2026-04-28,,2026-04-27T12:36:00
TRD000012,2026-04-11,FX_G10,L.Chen,Bond,BUY,1000,118.87,CP003,TRDACC16895,SG,INR,2026-04-13,ISIN497341481,2026-04-11T19:20:00
TRD000013,2026-05-20,RATES_APAC,L.Chen,IRS,BUY,5000,152.35,CP012,TRDACC11007,JP,USD,2026-05-22,ISIN816328133,2026-05-20T08:14:00
TRD000014,2026-06-02,EQD_LON,S.Kulkarni,Equity,SELL,1000,216.82,CP017,TRDACC85156,IN,SGD,2026-06-03,ISIN568387228,2026-06-02T15:58:00
TRD000015,2026-04-12,EQD_NY,S.Kulkarni,Equity,BUY,2500,106.11,CP003,TRDACC20011,JP,USD,2026-04-14,ISIN524951250,2026-04-12T19:21:00
TRD000016,2026-03-23,FX_G10,M.Jones,GDR,SELL,5000,28.08,CP007,TRDACC92210,GB,INR,2026-03-25,ISIN630554118,2026-03-23T17:48:00
TRD000017,2026-02-04,PB_GLOBAL,A.Sharma,FX Forward,SELL,2500,152.58,CP002,TRDACC84928,EU,GBP,2026-02-07,ISIN596832859,2026-02-04T16:50:00
TRD000018,2026-08-15,CASH_EQ_EMEA,K.Ito,ETF,BUY,2500,156.35,CP008,TRDACC92691,SG,JPY,2026-08-17,ISIN500346767,2026-08-15T14:26:00
TRD000019,2026-02-09,PB_GLOBAL,K.Ito,ETF,BUY,2500,100.4,CP005,TRDACC94675,IN,SGD,2026-02-10,ISIN973150512,2026-02-09T18:44:00
TRD000020,2026-02-14,FX_G10,R.Patel,IRS,SELL,2500,210.43,CP005,TRDACC30218,US,GBP,2026-02-17,ISIN140531056,2026-02-14T13:56:00
TRD000021,2026-05-23,RATES_APAC,S.Kulkarni,Bond,SELL,1000,226.95,CP008,TRDACC75916,IN,EUR,2026-05-26,ISIN494966219,2026-05-23T17:28:00
TRD000022,2026-04-26,CASH_EQ_EMEA,R.Patel,Equity,SELL,1000,222.31,CP027,TRDACC20696,JP,USD,2026-04-27,ISIN545492166,2026-04-26T14:32:00
TRD000023,2026-12-14,EQD_NY,L.Chen,Equity,SELL,1000,157.68,CP016,TRDACC24573,SG,EUR,2026-12-16,ISIN120405269,2026-12-14T11:53:00
TRD000024,2026-04-02,FX_G10,M.Jones,FX Forward,BUY,5000,44.46,CP018,TRDACC97080,US,SGD,2026-04-05,ISIN101679695,2026-04-02T13:15:00
TRD000025,2026-06-23,FX_G10,K.Ito,GDR,SELL,100,92.75,CP009,TRDACC27486,SG,USD,2026-06-26,ISIN805560474,2026-06-23T09:49:00
TRD000026,2026-03-30,EQD_LON,K.Ito,IRS,BUY,500,234.01,CP010,,GB,USD,2026-04-02,,2026-03-30T15:16:00
TRD000027,2026-02-23,CASH_EQ_EMEA,A.Sharma,IRS,BUY,1000,28.94,CP030,TRDACC52981,IN,GBP,2026-02-24,ISIN982982227,2026-02-23T16:18:00
TRD000028,2026-11-23,RATES_APAC,L.Chen,Equity,BUY,1000,18.35,CP001,TRDACC89310,GB,INR,2026-11-26,ISIN353398109,2026-11-23T13:23:00
TRD000029,2026-01-30,CASH_EQ_EMEA,K.Ito,IRS,SELL,5000,54.65,CP021,TRDACC38124,EU,EUR,2026-02-02,ISIN515524530,2026-01-30T09:16:00
TRD000030,2026-02-15,PB_GLOBAL,K.Ito,ETF,BUY,2500,79.69,CP022,TRDACC57381,EU,SGD,2026-02-18,ISIN269119969,2026-02-15T19:59:00
TRD000031,2026-10-03,RATES_APAC,L.Chen,GDR,BUY,100,84.23,CP015,TRDACC26426,IN,EUR,2026-10-05,ISIN871880418,2026-10-03T16:26:00
TRD000032,2026-03-03,EQD_LON,S.Kulkarni,Bond,BUY,500,234.34,CP017,TRDACC93238,GB,GBP,2026-03-06,ISIN471539452,2026-03-03T12:54:00
TRD000033,2026-10-02,EQD_NY,L.Chen,GDR,SELL,100,29.49,CP029,,IN,GBP,2026-10-05,,2026-10-02T12:41:00
TRD000034,2026-03-10,FX_G10,A.Sharma,ETF,SELL,5000,86.64,CP007,TRDACC41685,EU,INR,2026-03-11,ISIN528118701,2026-03-10T13:32:00
TRD000035,2026-01-02,EQD_LON,S.Kulkarni,Bond,SELL,1000,131.31,CP016,TRDACC88317,EU,JPY,2026-01-05,ISIN331009561,2026-01-02T13:03:00
TRD000036,2026-02-10,EQD_LON,R.Patel,IRS,BUY,2500,118.09,CP012,TRDACC61629,IN,GBP,2026-02-13,ISIN400347789,2026-02-10T18:39:00
TRD000037,2026-08-15,EQD_NY,M.Jones,IRS,SELL,1000,45.75,CP005,TRDACC87820,SG,GBP,2026-08-17,ISIN250088694,2026-08-15T17:20:00
TRD000038,2026-10-30,PB_GLOBAL,A.Sharma,GDR,SELL,2500,123.9,CP026,TRDACC32349,SG,SGD,2026-11-02,ISIN940636753,2026-10-30T17:14:00
TRD000039,2026-09-24,FX_G10,R.Patel,GDR,SELL,2500,230.93,CP023,TRDACC96799,GB,JPY,2026-09-25,ISIN881042056,2026-09-24T19:08:00
TRD000040,2026-12-05,PB_GLOBAL,S.Kulkarni,ETF,SELL,5000,179.2,CP008,TRDACC25974,EU,GBP,2026-12-07,ISIN615185000,2026-12-05T16:59:00
TRD000041,2026-09-20,EQD_LON,K.Ito,IRS,BUY,500,42.95,CP007,TRDACC93616,IN,GBP,2026-09-23,ISIN895525625,2026-09-20T11:15:00
TRD000042,2026-05-18,PB_GLOBAL,K.Ito,Equity,BUY,100,227.9,CP025,,EU,GBP,2026-05-21,,2026-05-18T11:34:00
TRD000043,2026-08-07,CASH_EQ_EMEA,K.Ito,ETF,BUY,250,204.12,CP029,TRDACC11846,GB,INR,2026-08-10,ISIN274476883,2026-08-07T15:41:00
TRD000044,2026-04-12,CASH_EQ_EMEA,K.Ito,ETF,SELL,500,238.97,CP001,TRDACC40972,EU,JPY,2026-04-15,ISIN725412469,2026-04-12T17:00:00
TRD000045,2026-03-14,RATES_APAC,L.Chen,IRS,BUY,250,119.19,CP020,TRDACC42435,GB,EUR,2026-03-16,ISIN501176618,2026-03-14T19:35:00
TRD000046,2026-09-06,PB_GLOBAL,L.Chen,IRS,SELL,250,88.75,CP017,TRDACC21919,GB,INR,2026-09-07,ISIN574422684,2026-09-06T18:13:00
TRD000047,2026-07-11,RATES_APAC,R.Patel,Equity,BUY,5000,25.3,CP019,TRDACC94085,US,USD,2026-07-13,ISIN174108740,2026-07-11T08:18:00
TRD000048,2026-01-23,FX_G10,M.Jones,FX Forward,BUY,100,244.84,CP005,TRDACC42441,SG,EUR,2026-01-26,ISIN823164961,2026-01-23T16:27:00
TRD000049,2026-10-23,EQD_NY,A.Sharma,Equity,BUY,100,68.74,CP020,TRDACC76046,US,JPY,2026-10-25,ISIN531929128,2026-10-23T11:34:00
TRD000050,2026-01-16,RATES_APAC,A.Sharma,Bond,SELL,2500,221.13,CP014,,EU,GBP,2026-01-19,,2026-01-16T14:35:00
TRD000051,2026-09-13,CASH_EQ_EMEA,K.Ito,Bond,BUY,1000,143.75,CP026,,JP,USD,2026-09-14,,2026-09-13T12:13:00
TRD000052,2026-04-28,EQD_NY,K.Ito,GDR,BUY,250,234.92,CP016,,GB,GBP,2026-05-01,,2026-04-28T15:58:00
TRD000053,2026-06-14,FX_G10,L.Chen,Bond,SELL,100,145.01,CP030,TRDACC48691,GB,GBP,2026-06-15,ISIN895913682,2026-06-14T08:16:00
TRD000054,2026-12-19,PB_GLOBAL,L.Chen,Bond,SELL,5000,127.74,CP011,TRDACC34123,EU,JPY,2026-12-21,ISIN886808192,2026-12-19T10:08:00
TRD000055,2026-01-04,FX_G10,M.Jones,Equity,SELL,2500,119.44,CP003,TRDACC12061,SG,EUR,2026-01-07,ISIN763395529,2026-01-04T18:59:00
TRD000056,2026-07-02,CASH_EQ_EMEA,K.Ito,FX Forward,BUY,500,240.23,CP027,TRDACC95686,EU,GBP,2026-07-03,ISIN706666479,2026-07-02T19:14:00
TRD000057,2026-08-31,EQD_LON,K.Ito,GDR,SELL,250,60.74,CP011,TRDACC81176,IN,USD,2026-09-02,ISIN708579840,2026-08-31T12:02:00
TRD000058,2026-06-25,CASH_EQ_EMEA,A.Sharma,ETF,SELL,250,211.28,CP017,TRDACC69054,SG,GBP,2026-06-28,ISIN749794986,2026-06-25T17:25:00
TRD000059,2026-05-02,CASH_EQ_EMEA,A.Sharma,GDR,BUY,1000,180.8,CP023,TRDACC10680,US,USD,2026-05-05,ISIN265653546,2026-05-02T14:20:00
TRD000060,2026-06-28,FX_G10,R.Patel,Equity,SELL,500,109.31,CP020,TRDACC32216,IN,GBP,2026-07-01,ISIN878295151,2026-06-28T11:36:00
TRD000061,2026-10-19,FX_G10,M.Jones,Bond,SELL,250,119.89,CP024,TRDACC67700,SG,JPY,2026-10-20,ISIN427124037,2026-10-19T14:21:00
TRD000062,2026-11-14,EQD_LON,L.Chen,ETF,BUY,2500,197.67,CP010,TRDACC87624,SG,SGD,2026-11-16,ISIN503786306,2026-11-14T14:23:00
TRD000063,2026-10-08,FX_G10,M.Jones,FX Forward,SELL,250,181.66,CP005,TRDACC81256,SG,GBP,2026-10-10,ISIN179419456,2026-10-08T17:30:00
TRD000064,2026-02-05,FX_G10,R.Patel,GDR,SELL,500,63.28,CP025,TRDACC59036,EU,JPY,2026-02-08,ISIN657054862,2026-02-05T17:44:00
TRD000065,2026-06-08,EQD_LON,M.Jones,Bond,SELL,500,119.28,CP004,TRDACC51800,SG,EUR,2026-06-10,ISIN659542785,2026-06-08T13:30:00
TRD000066,2026-03-09,EQD_NY,K.Ito,FX Forward,SELL,2500,112.33,CP017,TRDACC61849,GB,INR,2026-03-11,ISIN348952994,2026-03-09T18:11:00
TRD000067,2026-10-07,RATES_APAC,L.Chen,GDR,BUY,1000,136.65,CP011,TRDACC55603,GB,JPY,2026-10-10,ISIN436515102,2026-10-07T14:39:00
TRD000068,2026-09-04,PB_GLOBAL,K.Ito,FX Forward,BUY,250,147.95,CP023,TRDACC82733,GB,INR,2026-09-06,ISIN299451515,2026-09-04T18:34:00
TRD000069,2026-09-18,EQD_NY,A.Sharma,FX Forward,BUY,1000,108.19,CP027,TRDACC38905,JP,INR,2026-09-21,ISIN546279777,2026-09-18T15:31:00
TRD000070,2026-08-15,EQD_LON,M.Jones,Equity,SELL,250,247.55,CP018,TRDACC55688,US,SGD,2026-08-18,ISIN890261845,2026-08-15T11:19:00
TRD000071,2026-03-24,FX_G10,L.Chen,Equity,BUY,250,205.25,CP014,TRDACC52421,GB,INR,2026-03-26,ISIN712112671,2026-03-24T16:17:00
TRD000072,2026-07-14,EQD_LON,K.Ito,ETF,BUY,250,148.58,CP027,TRDACC62802,GB,SGD,2026-07-16,ISIN774108885,2026-07-14T14:28:00
TRD000073,2026-06-16,EQD_LON,A.Sharma,FX Forward,BUY,2500,41.34,CP009,TRDACC92074,EU,GBP,2026-06-18,ISIN946434607,2026-06-16T18:48:00
TRD000074,2026-11-11,PB_GLOBAL,S.Kulkarni,GDR,BUY,500,29.78,CP006,TRDACC66260,EU,USD,2026-11-12,ISIN796763109,2026-11-11T08:25:00
TRD000075,2026-12-04,CASH_EQ_EMEA,S.Kulkarni,FX Forward,SELL,1000,27.0,CP027,TRDACC27973,US,JPY,2026-12-07,ISIN195918514,2026-12-04T09:06:00
TRD000076,2026-04-03,RATES_APAC,S.Kulkarni,Equity,BUY,100,43.6,CP020,TRDACC42477,SG,JPY,2026-04-06,ISIN733050169,2026-04-03T14:22:00
TRD000077,2026-04-13,EQD_LON,S.Kulkarni,FX Forward,SELL,1000,37.06,CP010,,SG,USD,2026-04-16,,2026-04-13T09:33:00
TRD000078,2026-12-14,FX_G10,R.Patel,FX Forward,SELL,1000,111.66,CP017,,EU,SGD,2026-12-17,,2026-12-14T16:34:00
TRD000079,2026-07-02,EQD_NY,A.Sharma,ETF,BUY,2500,156.12,CP002,TRDACC27984,GB,USD,2026-07-05,ISIN815197502,2026-07-02T18:47:00
TRD000080,2026-09-02,FX_G10,S.Kulkarni,IRS,BUY,500,180.96,CP026,TRDACC75484,JP,GBP,2026-09-03,ISIN773808249,2026-09-02T15:29:00
TRD000081,2026-12-22,CASH_EQ_EMEA,A.Sharma,ETF,SELL,5000,110.65,CP006,TRDACC25650,US,INR,2026-12-24,ISIN366570563,2026-12-22T19:20:00
TRD000082,2026-08-09,EQD_LON,M.Jones,Bond,BUY,2500,243.25,CP024,TRDACC40539,IN,EUR,2026-08-12,ISIN886476517,2026-08-09T11:09:00
TRD000083,2026-01-05,EQD_LON,L.Chen,ETF,BUY,2500,109.13,CP023,TRDACC93521,EU,USD,2026-01-08,ISIN592265554,2026-01-05T09:37:00
TRD000084,2026-03-23,RATES_APAC,A.Sharma,Equity,SELL,2500,36.15,CP008,TRDACC37215,US,EUR,2026-03-25,ISIN276496293,2026-03-23T15:20:00
TRD000085,2026-02-28,CASH_EQ_EMEA,S.Kulkarni,ETF,BUY,5000,69.57,CP002,TRDACC14073,GB,GBP,2026-03-03,ISIN525464250,2026-02-28T08:43:00
TRD000086,2026-02-01,CASH_EQ_EMEA,A.Sharma,GDR,BUY,100,57.46,CP019,TRDACC70423,IN,GBP,2026-02-02,ISIN576130756,2026-02-01T09:57:00
TRD000087,2026-05-14,RATES_APAC,M.Jones,IRS,SELL,250,18.32,CP007,TRDACC17992,GB,GBP,2026-05-15,ISIN762474187,2026-05-14T18:18:00
TRD000088,2026-06-14,CASH_EQ_EMEA,A.Sharma,ETF,SELL,500,53.16,CP012,TRDACC79393,IN,INR,2026-06-15,ISIN741148802,2026-06-14T08:57:00
TRD000089,2026-12-20,RATES_APAC,L.Chen,IRS,SELL,500,237.41,CP030,TRDACC33010,IN,USD,2026-12-23,ISIN252581172,2026-12-20T11:53:00
TRD000090,2026-01-01,CASH_EQ_EMEA,A.Sharma,Bond,SELL,250,150.79,CP023,TRDACC96787,GB,GBP,2026-01-02,ISIN931469703,2026-01-01T16:55:00
TRD000091,2026-10-23,FX_G10,R.Patel,IRS,SELL,2500,176.45,CP021,TRDACC50215,JP,SGD,2026-10-25,ISIN945026004,2026-10-23T11:42:00
TRD000092,2026-06-08,PB_GLOBAL,S.Kulkarni,Equity,SELL,250,162.68,CP024,TRDACC11493,US,EUR,2026-06-11,ISIN982252644,2026-06-08T18:40:00
TRD000093,2026-09-11,RATES_APAC,A.Sharma,IRS,BUY,100,208.91,CP016,TRDACC48654,JP,GBP,2026-09-14,ISIN798973247,2026-09-11T11:10:00
TRD000094,2026-08-21,EQD_LON,A.Sharma,GDR,SELL,100,113.52,CP011,,IN,INR,2026-08-24,,2026-08-21T14:10:00
TRD000095,2026-10-13,RATES_APAC,A.Sharma,Bond,SELL,250,33.28,CP027,TRDACC62096,SG,SGD,2026-10-16,ISIN283429671,2026-10-13T12:05:00
TRD000096,2026-10-01,FX_G10,M.Jones,GDR,BUY,250,190.54,CP009,TRDACC82561,GB,GBP,2026-10-02,ISIN203833652,2026-10-01T18:22:00
TRD000097,2026-10-21,EQD_NY,R.Patel,FX Forward,BUY,2500,45.39,CP017,TRDACC65492,IN,INR,2026-10-22,ISIN285627380,2026-10-21T11:51:00
TRD000098,2026-09-12,RATES_APAC,R.Patel,IRS,BUY,100,198.77,CP018,TRDACC84264,EU,GBP,2026-09-15,ISIN730905018,2026-09-12T14:07:00
TRD000099,2026-07-05,CASH_EQ_EMEA,K.Ito,GDR,BUY,2500,156.08,CP002,TRDACC16460,GB,GBP,2026-07-06,ISIN531343461,2026-07-05T14:56:00
TRD000100,2026-08-22,RATES_APAC,R.Patel,FX Forward,SELL,500,74.66,CP005,TRDACC73499,EU,SGD,2026-08-25,ISIN749591392,2026-08-22T09:12:00
TRD000101,2026-01-07,RATES_APAC,L.Chen,ETF,SELL,100,119.55,CP006,TRDACC93284,GB,EUR,2026-01-08,ISIN856594938,2026-01-07T12:23:00
TRD000102,2026-05-03,EQD_NY,K.Ito,IRS,BUY,1000,21.92,CP024,TRDACC45269,SG,USD,2026-05-04,ISIN937336224,2026-05-03T11:41:00
TRD000103,2026-08-07,EQD_LON,A.Sharma,GDR,SELL,250,122.01,CP014,TRDACC83591,JP,GBP,2026-08-10,ISIN659030686,2026-08-07T14:37:00
TRD000104,2026-04-01,PB_GLOBAL,M.Jones,ETF,SELL,2500,106.98,CP007,TRDACC44003,GB,INR,2026-04-02,ISIN830955923,2026-04-01T19:01:00
TRD000105,2026-11-08,CASH_EQ_EMEA,S.Kulkarni,ETF,SELL,5000,31.43,CP024,,IN,EUR,2026-11-11,,2026-11-08T12:26:00
TRD000106,2026-04-11,EQD_LON,M.Jones,FX Forward,SELL,1000,246.93,CP028,TRDACC92710,GB,EUR,2026-04-13,ISIN253785761,2026-04-11T19:11:00
TRD000107,2026-07-13,CASH_EQ_EMEA,L.Chen,IRS,BUY,1000,11.12,CP021,TRDACC12348,JP,JPY,2026-07-16,ISIN314119421,2026-07-13T13:00:00
TRD000108,2026-05-09,PB_GLOBAL,R.Patel,IRS,SELL,1000,184.68,CP006,TRDACC74248,US,USD,2026-05-11,ISIN662767039,2026-05-09T14:56:00
TRD000109,2026-06-21,EQD_LON,L.Chen,FX Forward,BUY,5000,200.11,CP017,TRDACC96765,GB,USD,2026-06-23,ISIN787539531,2026-06-21T16:39:00
TRD000110,2026-12-21,CASH_EQ_EMEA,L.Chen,FX Forward,BUY,5000,12.23,CP023,TRDACC64896,GB,EUR,2026-12-22,ISIN810456933,2026-12-21T18:33:00
TRD000111,2026-02-28,EQD_LON,A.Sharma,Bond,BUY,2500,129.13,CP023,,JP,GBP,2026-03-02,,2026-02-28T13:15:00
TRD000112,2026-05-11,EQD_NY,K.Ito,GDR,BUY,5000,85.05,CP004,TRDACC53078,GB,USD,2026-05-12,ISIN224447810,2026-05-11T08:00:00
TRD000113,2026-12-27,PB_GLOBAL,K.Ito,GDR,BUY,1000,201.98,CP015,TRDACC30892,EU,JPY,2026-12-28,ISIN955675121,2026-12-27T09:08:00
TRD000114,2026-07-14,PB_GLOBAL,L.Chen,GDR,BUY,100,25.2,CP016,TRDACC97797,JP,USD,2026-07-15,ISIN437410428,2026-07-14T19:55:00
TRD000115,2025-12-30,RATES_APAC,S.Kulkarni,IRS,BUY,5000,234.25,CP027,TRDACC53371,IN,INR,2026-01-01,ISIN603895158,2025-12-30T10:04:00
TRD000116,2026-08-10,RATES_APAC,A.Sharma,GDR,BUY,100,245.36,CP015,TRDACC21913,US,JPY,2026-08-11,ISIN801553920,2026-08-10T09:25:00
TRD000117,2026-08-23,EQD_LON,S.Kulkarni,FX Forward,SELL,5000,97.19,CP018,TRDACC93055,IN,INR,2026-08-24,ISIN222431652,2026-08-23T18:14:00
TRD000118,2026-08-25,PB_GLOBAL,K.Ito,Equity,BUY,250,182.03,CP030,TRDACC69048,JP,EUR,2026-08-27,ISIN912982916,2026-08-25T08:59:00
TRD000119,2026-07-20,PB_GLOBAL,R.Patel,ETF,SELL,2500,155.48,CP024,,GB,USD,2026-07-22,,2026-07-20T14:38:00
TRD000120,2026-12-19,CASH_EQ_EMEA,L.Chen,GDR,SELL,250,130.93,CP030,TRDACC86389,SG,EUR,2026-12-21,ISIN783841942,2026-12-19T19:07:00
TRD000121,2026-05-20,FX_G10,A.Sharma,Equity,SELL,500,45.14,CP007,TRDACC69322,EU,EUR,2026-05-22,ISIN841520570,2026-05-20T11:48:00
TRD000122,2026-01-01,PB_GLOBAL,K.Ito,IRS,SELL,5000,70.32,CP026,TRDACC87120,SG,GBP,2026-01-03,ISIN938511718,2026-01-01T11:58:00
TRD000123,2026-09-07,EQD_NY,A.Sharma,ETF,BUY,250,48.62,CP002,TRDACC52287,JP,GBP,2026-09-09,ISIN106061417,2026-09-07T15:45:00
TRD000124,2026-09-01,EQD_NY,R.Patel,IRS,SELL,2500,48.25,CP017,TRDACC53393,GB,EUR,2026-09-03,ISIN676637967,2026-09-01T09:22:00
TRD000125,2026-07-25,FX_G10,S.Kulkarni,IRS,SELL,100,102.61,CP002,TRDACC73806,SG,GBP,2026-07-27,ISIN877362892,2026-07-25T08:58:00
TRD000126,2026-02-07,EQD_LON,K.Ito,GDR,BUY,2500,208.9,CP028,TRDACC13113,SG,JPY,2026-02-09,ISIN932371896,2026-02-07T18:52:00
TRD000127,2026-08-18,EQD_LON,K.Ito,Equity,BUY,1000,113.93,CP009,TRDACC86756,JP,JPY,2026-08-21,ISIN518224445,2026-08-18T09:34:00
TRD000128,2026-07-26,RATES_APAC,L.Chen,Bond,SELL,5000,17.4,CP030,TRDACC93105,JP,JPY,2026-07-27,ISIN672806655,2026-07-26T10:47:00
TRD000129,2026-12-23,EQD_NY,L.Chen,GDR,SELL,500,60.82,CP010,TRDACC35470,GB,SGD,2026-12-24,ISIN650349270,2026-12-23T10:11:00
TRD000130,2026-10-15,FX_G10,A.Sharma,GDR,BUY,500,95.71,CP004,TRDACC51652,GB,SGD,2026-10-16,ISIN803808754,2026-10-15T09:18:00
TRD000131,2026-07-07,CASH_EQ_EMEA,S.Kulkarni,GDR,SELL,500,42.23,CP023,TRDACC82308,SG,SGD,2026-07-09,ISIN456013006,2026-07-07T15:28:00
TRD000132,2026-07-25,FX_G10,M.Jones,Equity,BUY,2500,61.06,CP027,TRDACC57948,IN,INR,2026-07-27,ISIN692269551,2026-07-25T16:57:00
TRD000133,2026-08-05,RATES_APAC,S.Kulkarni,IRS,BUY,250,145.93,CP025,TRDACC38681,IN,EUR,2026-08-06,ISIN808039640,2026-08-05T19:46:00
TRD000134,2026-05-26,RATES_APAC,S.Kulkarni,IRS,BUY,5000,73.2,CP023,TRDACC77720,IN,SGD,2026-05-27,ISIN712204801,2026-05-26T14:41:00
TRD000135,2026-02-16,PB_GLOBAL,A.Sharma,Bond,BUY,5000,77.39,CP015,TRDACC64344,GB,EUR,2026-02-17,ISIN300688440,2026-02-16T13:38:00
TRD000136,2026-03-16,PB_GLOBAL,S.Kulkarni,IRS,BUY,1000,153.85,CP002,,GB,GBP,2026-03-17,,2026-03-16T19:46:00
TRD000137,2026-10-04,FX_G10,K.Ito,Bond,SELL,250,100.77,CP030,,JP,INR,2026-10-05,,2026-10-04T11:33:00
TRD000138,2026-08-06,PB_GLOBAL,K.Ito,FX Forward,BUY,1000,65.08,CP017,TRDACC65769,JP,GBP,2026-08-08,ISIN947778851,2026-08-06T13:37:00
TRD000139,2026-08-30,EQD_LON,R.Patel,GDR,SELL,1000,167.09,CP019,TRDACC95403,IN,USD,2026-09-01,ISIN963596758,2026-08-30T14:23:00
TRD000140,2026-09-13,EQD_NY,K.Ito,IRS,BUY,500,247.24,CP006,TRDACC40116,EU,INR,2026-09-16,ISIN469749767,2026-09-13T14:47:00
TRD000141,2026-01-24,CASH_EQ_EMEA,R.Patel,FX Forward,SELL,100,207.58,CP006,TRDACC20490,JP,SGD,2026-01-26,ISIN744508634,2026-01-24T09:04:00
TRD000142,2026-09-16,PB_GLOBAL,A.Sharma,Bond,BUY,5000,65.6,CP007,TRDACC21382,US,INR,2026-09-17,ISIN823728171,2026-09-16T13:15:00
TRD000143,2026-01-08,CASH_EQ_EMEA,A.Sharma,Equity,SELL,250,107.71,CP015,TRDACC80504,JP,INR,2026-01-09,ISIN699825163,2026-01-08T16:18:00
TRD000144,2026-10-26,EQD_NY,K.Ito,ETF,BUY,100,125.67,CP015,TRDACC51383,SG,JPY,2026-10-28,ISIN172535838,2026-10-26T18:50:00
TRD000145,2026-05-03,PB_GLOBAL,R.Patel,Bond,SELL,5000,173.95,CP012,TRDACC37102,GB,INR,2026-05-06,ISIN635796460,2026-05-03T11:15:00
TRD000146,2026-08-10,FX_G10,S.Kulkarni,IRS,SELL,2500,85.7,CP025,TRDACC39110,IN,USD,2026-08-12,ISIN394992351,2026-08-10T10:48:00
TRD000147,2026-08-20,RATES_APAC,M.Jones,FX Forward,BUY,500,66.91,CP011,TRDACC64931,EU,INR,2026-08-22,ISIN758293983,2026-08-20T13:11:00
TRD000148,2026-07-26,RATES_APAC,M.Jones,GDR,BUY,1000,57.06,CP026,TRDACC92660,GB,INR,2026-07-28,ISIN260576006,2026-07-26T08:11:00
TRD000149,2026-08-21,EQD_LON,M.Jones,ETF,BUY,500,72.34,CP016,,SG,USD,2026-08-24,,2026-08-21T12:22:00
TRD000150,2026-11-19,CASH_EQ_EMEA,S.Kulkarni,Equity,SELL,2500,107.15,CP021,TRDACC45058,EU,JPY,2026-11-20,ISIN184945787,2026-11-19T13:14:00
TRD000151,2026-02-03,RATES_APAC,L.Chen,FX Forward,BUY,100,234.83,CP007,TRDACC23622,GB,JPY,2026-02-04,ISIN688876249,2026-02-03T08:49:00
TRD000152,2026-09-08,RATES_APAC,K.Ito,GDR,SELL,2500,116.76,CP028,TRDACC78610,JP,JPY,2026-09-09,ISIN679055622,2026-09-08T17:38:00
TRD000153,2026-08-31,CASH_EQ_EMEA,L.Chen,FX Forward,BUY,5000,231.3,CP012,TRDACC10946,EU,JPY,2026-09-01,ISIN421704344,2026-08-31T14:51:00
TRD000154,2026-04-18,PB_GLOBAL,M.Jones,Equity,SELL,1000,55.12,CP010,TRDACC45669,SG,SGD,2026-04-19,ISIN295858216,2026-04-18T12:07:00
TRD000155,2026-01-01,PB_GLOBAL,A.Sharma,FX Forward,SELL,1000,62.13,CP024,TRDACC20515,US,EUR,2026-01-03,ISIN434552915,2026-01-01T13:29:00
TRD000156,2026-07-25,EQD_LON,L.Chen,Equity,BUY,1000,69.32,CP004,,SG,EUR,2026-07-27,,2026-07-25T19:49:00
TRD000157,2026-07-12,EQD_NY,A.Sharma,ETF,BUY,100,50.17,CP004,TRDACC86162,GB,SGD,2026-07-13,ISIN727813474,2026-07-12T14:50:00
TRD000158,2026-03-22,PB_GLOBAL,S.Kulkarni,Bond,SELL,2500,199.95,CP002,TRDACC35292,EU,SGD,2026-03-23,ISIN623817304,2026-03-22T13:35:00
TRD000159,2026-12-14,EQD_NY,M.Jones,IRS,SELL,500,218.24,CP018,TRDACC44517,EU,GBP,2026-12-15,ISIN695411648,2026-12-14T09:33:00
TRD000160,2026-08-23,EQD_LON,A.Sharma,ETF,BUY,2500,46.99,CP007,TRDACC15737,IN,SGD,2026-08-25,ISIN446389157,2026-08-23T18:20:00
TRD000161,2026-10-21,PB_GLOBAL,A.Sharma,Bond,SELL,100,13.14,CP002,TRDACC83140,EU,EUR,2026-10-23,ISIN804105516,2026-10-21T09:29:00
TRD000162,2026-07-21,PB_GLOBAL,M.Jones,IRS,BUY,100,193.91,CP018,,SG,INR,2026-07-24,,2026-07-21T15:44:00
TRD000163,2026-09-05,RATES_APAC,A.Sharma,GDR,BUY,1000,193.77,CP020,TRDACC47287,GB,INR,2026-09-07,ISIN372826122,2026-09-05T15:28:00
TRD000164,2026-09-19,CASH_EQ_EMEA,S.Kulkarni,Equity,BUY,2500,47.13,CP030,TRDACC40539,IN,INR,2026-09-21,ISIN594318319,2026-09-19T10:08:00
TRD000165,2026-12-18,EQD_LON,A.Sharma,ETF,SELL,100,152.86,CP006,TRDACC55603,JP,SGD,2026-12-21,ISIN140127441,2026-12-18T17:24:00
TRD000166,2026-03-08,RATES_APAC,L.Chen,Bond,BUY,2500,177.46,CP011,TRDACC39109,IN,INR,2026-03-11,ISIN154245232,2026-03-08T19:25:00
TRD000167,2026-03-13,FX_G10,K.Ito,FX Forward,BUY,2500,57.55,CP025,TRDACC41760,SG,EUR,2026-03-16,ISIN800346424,2026-03-13T11:35:00
TRD000168,2026-12-19,CASH_EQ_EMEA,R.Patel,FX Forward,BUY,1000,159.56,CP025,TRDACC24728,EU,EUR,2026-12-20,ISIN148186901,2026-12-19T11:43:00
TRD000169,2026-05-15,RATES_APAC,L.Chen,Bond,BUY,1000,159.53,CP007,TRDACC43483,IN,INR,2026-05-18,ISIN846326954,2026-05-15T18:01:00
TRD000170,2026-12-03,FX_G10,M.Jones,IRS,BUY,500,126.32,CP008,TRDACC15210,JP,INR,2026-12-04,ISIN670758903,2026-12-03T10:12:00
TRD000171,2026-09-08,EQD_NY,R.Patel,FX Forward,SELL,100,160.19,CP021,TRDACC61491,EU,EUR,2026-09-09,ISIN974947794,2026-09-08T16:17:00
TRD000172,2026-03-28,PB_GLOBAL,K.Ito,IRS,BUY,5000,43.26,CP020,TRDACC66369,EU,JPY,2026-03-29,ISIN834491630,2026-03-28T10:19:00
TRD000173,2026-11-13,EQD_NY,A.Sharma,ETF,SELL,5000,233.98,CP029,TRDACC89377,JP,JPY,2026-11-14,ISIN263162642,2026-11-13T09:08:00
TRD000174,2026-12-19,EQD_NY,R.Patel,FX Forward,BUY,500,54.15,CP028,,IN,JPY,2026-12-21,,2026-12-19T10:10:00
TRD000175,2026-01-15,PB_GLOBAL,L.Chen,FX Forward,BUY,2500,186.48,CP029,TRDACC78242,GB,JPY,2026-01-17,ISIN873309842,2026-01-15T14:39:00
TRD000176,2026-07-07,FX_G10,R.Patel,FX Forward,SELL,500,120.72,CP007,TRDACC94685,EU,JPY,2026-07-10,ISIN416130770,2026-07-07T08:44:00
TRD000177,2026-02-01,PB_GLOBAL,L.Chen,ETF,BUY,5000,117.86,CP023,,SG,USD,2026-02-04,,2026-02-01T19:24:00
TRD000178,2026-02-03,RATES_APAC,L.Chen,ETF,BUY,250,10.85,CP010,TRDACC89689,SG,EUR,2026-02-05,ISIN113107987,2026-02-03T15:54:00
TRD000179,2026-04-01,EQD_LON,K.Ito,GDR,SELL,250,45.58,CP020,TRDACC53399,SG,INR,2026-04-02,ISIN474757193,2026-04-01T10:54:00
TRD000180,2026-05-09,CASH_EQ_EMEA,M.Jones,Equity,BUY,500,225.41,CP012,TRDACC25993,US,USD,2026-05-11,ISIN914370885,2026-05-09T16:04:00
TRD000181,2026-05-15,FX_G10,K.Ito,ETF,SELL,2500,248.81,CP014,TRDACC74553,IN,GBP,2026-05-18,ISIN239278422,2026-05-15T17:31:00
TRD000182,2026-12-07,EQD_LON,A.Sharma,ETF,SELL,500,199.65,CP001,TRDACC54742,SG,EUR,2026-12-10,ISIN422427487,2026-12-07T16:20:00
TRD000183,2026-09-10,FX_G10,K.Ito,FX Forward,SELL,1000,198.16,CP005,TRDACC82768,SG,JPY,2026-09-11,ISIN897344195,2026-09-10T16:19:00
TRD000184,2026-03-17,CASH_EQ_EMEA,K.Ito,IRS,BUY,2500,103.5,CP013,,SG,INR,2026-03-19,,2026-03-17T19:54:00
TRD000185,2026-08-14,CASH_EQ_EMEA,R.Patel,FX Forward,BUY,250,55.65,CP015,TRDACC77652,IN,USD,2026-08-17,ISIN886452604,2026-08-14T12:49:00
TRD000186,2026-11-20,EQD_NY,S.Kulkarni,Equity,BUY,5000,188.93,CP011,TRDACC35237,JP,USD,2026-11-22,ISIN720150147,2026-11-20T18:57:00
TRD000187,2026-09-09,EQD_NY,A.Sharma,GDR,SELL,500,43.97,CP007,TRDACC90381,IN,GBP,2026-09-11,ISIN963291475,2026-09-09T17:15:00
TRD000188,2026-10-19,EQD_NY,K.Ito,IRS,BUY,5000,177.85,CP006,TRDACC71039,SG,INR,2026-10-21,ISIN481848698,2026-10-19T13:52:00
TRD000189,2026-03-21,RATES_APAC,A.Sharma,ETF,SELL,5000,89.28,CP030,TRDACC72737,EU,JPY,2026-03-23,ISIN586708987,2026-03-21T08:04:00
TRD000190,2026-04-19,PB_GLOBAL,L.Chen,FX Forward,SELL,250,141.51,CP013,TRDACC67062,IN,JPY,2026-04-20,ISIN512119784,2026-04-19T13:13:00
TRD000191,2026-02-18,PB_GLOBAL,K.Ito,IRS,BUY,100,174.52,CP006,TRDACC21866,EU,JPY,2026-02-20,ISIN928223643,2026-02-18T13:31:00
TRD000192,2026-04-20,CASH_EQ_EMEA,A.Sharma,GDR,BUY,500,81.94,CP019,TRDACC90149,JP,EUR,2026-04-22,ISIN427008211,2026-04-20T19:58:00
TRD000193,2026-04-11,RATES_APAC,M.Jones,GDR,BUY,5000,151.64,CP004,TRDACC96833,EU,USD,2026-04-14,ISIN441586594,2026-04-11T14:25:00
TRD000194,2026-02-02,RATES_APAC,L.Chen,FX Forward,BUY,5000,203.43,CP022,TRDACC69558,JP,EUR,2026-02-05,ISIN947105447,2026-02-02T17:59:00
TRD000195,2026-06-01,PB_GLOBAL,A.Sharma,GDR,BUY,100,146.36,CP014,TRDACC78997,IN,INR,2026-06-02,ISIN495758262,2026-06-01T17:30:00
TRD000196,2026-01-13,CASH_EQ_EMEA,S.Kulkarni,FX Forward,SELL,1000,133.04,CP029,TRDACC31955,EU,INR,2026-01-16,ISIN716290544,2026-01-13T13:26:00
TRD000197,2026-03-16,CASH_EQ_EMEA,S.Kulkarni,ETF,BUY,100,214.35,CP010,TRDACC24621,JP,USD,2026-03-17,ISIN370637678,2026-03-16T17:17:00
TRD000198,2026-10-25,RATES_APAC,K.Ito,FX Forward,BUY,250,211.03,CP011,TRDACC37637,US,EUR,2026-10-27,ISIN927176115,2026-10-25T11:42:00
TRD000199,2026-12-26,EQD_NY,L.Chen,GDR,SELL,2500,66.08,CP016,TRDACC11554,EU,JPY,2026-12-28,ISIN857640614,2026-12-26T15:16:00
TRD000200,2026-02-06,PB_GLOBAL,K.Ito,FX Forward,BUY,5000,150.2,CP011,TRDACC78151,EU,GBP,2026-02-09,ISIN930164576,2026-02-06T19:15:00
TRD000201,2026-05-04,EQD_NY,L.Chen,Equity,BUY,100,15.69,CP008,TRDACC25725,SG,GBP,2026-05-07,ISIN161076482,2026-05-04T18:57:00
TRD000202,2026-01-22,EQD_LON,M.Jones,Equity,BUY,1000,103.26,CP009,TRDACC89993,GB,USD,2026-01-24,ISIN377281586,2026-01-22T10:28:00
TRD000203,2026-02-17,PB_GLOBAL,A.Sharma,FX Forward,BUY,5000,70.14,CP004,TRDACC97111,US,USD,2026-02-19,ISIN120148538,2026-02-17T10:41:00
TRD000204,2026-06-08,FX_G10,S.Kulkarni,Equity,BUY,5000,82.68,CP004,TRDACC70245,IN,INR,2026-06-11,ISIN778897450,2026-06-08T09:23:00
TRD000205,2026-08-21,RATES_APAC,M.Jones,Bond,BUY,250,43.59,CP016,TRDACC80851,US,SGD,2026-08-24,ISIN127235036,2026-08-21T17:15:00
TRD000206,2026-08-19,EQD_LON,S.Kulkarni,GDR,BUY,100,68.24,CP016,TRDACC69793,SG,USD,2026-08-20,ISIN240163827,2026-08-19T10:40:00
TRD000207,2026-07-12,EQD_NY,A.Sharma,IRS,BUY,100,244.2,CP027,TRDACC53975,SG,SGD,2026-07-13,ISIN686139340,2026-07-12T13:53:00
TRD000208,2026-07-31,CASH_EQ_EMEA,M.Jones,Equity,SELL,100,11.73,CP025,TRDACC26632,GB,USD,2026-08-03,ISIN858857635,2026-07-31T17:56:00
TRD000209,2026-10-03,EQD_NY,R.Patel,ETF,BUY,5000,208.36,CP006,TRDACC79494,SG,JPY,2026-10-05,ISIN473504921,2026-10-03T08:35:00
TRD000210,2026-08-14,EQD_NY,M.Jones,Equity,SELL,250,48.34,CP026,TRDACC53816,GB,SGD,2026-08-17,ISIN158011705,2026-08-14T13:18:00
TRD000211,2026-07-06,EQD_LON,R.Patel,ETF,SELL,5000,172.44,CP019,TRDACC36208,IN,GBP,2026-07-07,ISIN347028515,2026-07-06T13:14:00
TRD000212,2026-04-11,RATES_APAC,M.Jones,IRS,SELL,250,17.7,CP021,TRDACC32439,EU,GBP,2026-04-13,ISIN164050550,2026-04-11T10:07:00
TRD000213,2026-08-09,FX_G10,R.Patel,GDR,BUY,100,185.2,CP007,TRDACC85196,IN,JPY,2026-08-10,ISIN364842906,2026-08-09T13:27:00
TRD000214,2026-08-14,EQD_NY,S.Kulkarni,Equity,SELL,250,29.94,CP026,TRDACC41334,SG,USD,2026-08-17,ISIN844274708,2026-08-14T14:13:00
TRD000215,2026-08-22,FX_G10,A.Sharma,GDR,SELL,5000,10.33,CP006,TRDACC65823,EU,SGD,2026-08-24,ISIN175912037,2026-08-22T19:21:00
TRD000216,2026-01-03,PB_GLOBAL,L.Chen,IRS,BUY,1000,97.74,CP030,TRDACC83499,SG,GBP,2026-01-05,ISIN143888484,2026-01-03T13:11:00
TRD000217,2026-06-11,FX_G10,K.Ito,IRS,SELL,1000,126.69,CP009,TRDACC69241,US,USD,2026-06-12,ISIN990733087,2026-06-11T15:45:00
TRD000218,2026-03-28,FX_G10,R.Patel,GDR,SELL,250,134.97,CP023,TRDACC55442,GB,JPY,2026-03-30,ISIN124363495,2026-03-28T14:43:00
TRD000219,2026-08-28,CASH_EQ_EMEA,R.Patel,IRS,SELL,1000,119.92,CP016,TRDACC58745,IN,SGD,2026-08-30,ISIN241684797,2026-08-28T10:50:00
TRD000220,2026-01-11,PB_GLOBAL,A.Sharma,ETF,SELL,2500,40.35,CP006,,GB,USD,2026-01-12,,2026-01-11T11:35:00
TRD000221,2026-08-08,EQD_LON,K.Ito,IRS,SELL,2500,170.05,CP021,,SG,GBP,2026-08-10,,2026-08-08T13:44:00
TRD000222,2026-01-04,EQD_NY,M.Jones,GDR,SELL,2500,213.87,CP008,TRDACC89058,EU,EUR,2026-01-05,ISIN821079668,2026-01-04T16:25:00
TRD000223,2026-02-07,PB_GLOBAL,M.Jones,GDR,SELL,5000,223.07,CP010,TRDACC28293,JP,INR,2026-02-09,ISIN546257594,2026-02-07T12:10:00
TRD000224,2026-11-06,EQD_NY,M.Jones,FX Forward,SELL,1000,51.97,CP003,TRDACC82596,US,JPY,2026-11-09,ISIN862621919,2026-11-06T10:12:00
TRD000225,2026-11-08,CASH_EQ_EMEA,L.Chen,ETF,SELL,100,38.65,CP006,TRDACC84130,JP,SGD,2026-11-09,ISIN629408646,2026-11-08T17:47:00
TRD000226,2026-06-06,CASH_EQ_EMEA,L.Chen,FX Forward,BUY,100,75.44,CP015,TRDACC77353,SG,EUR,2026-06-08,ISIN783165158,2026-06-06T08:18:00
TRD000227,2026-06-27,CASH_EQ_EMEA,R.Patel,IRS,BUY,250,13.1,CP004,TRDACC38557,IN,INR,2026-06-29,ISIN402170023,2026-06-27T15:26:00
TRD000228,2026-06-03,CASH_EQ_EMEA,A.Sharma,IRS,BUY,1000,223.53,CP012,TRDACC39144,EU,SGD,2026-06-05,ISIN661697010,2026-06-03T10:45:00
TRD000229,2026-08-22,EQD_LON,M.Jones,Equity,BUY,1000,20.2,CP004,TRDACC43162,US,USD,2026-08-25,ISIN135210907,2026-08-22T16:37:00
TRD000230,2026-06-05,EQD_LON,L.Chen,IRS,BUY,2500,197.39,CP009,TRDACC79315,IN,GBP,2026-06-08,ISIN359654955,2026-06-05T17:04:00
TRD000231,2026-07-05,EQD_LON,L.Chen,Equity,BUY,2500,64.61,CP006,TRDACC74987,EU,JPY,2026-07-07,ISIN917557160,2026-07-05T09:29:00
TRD000232,2026-08-09,CASH_EQ_EMEA,R.Patel,FX Forward,BUY,2500,107.75,CP024,TRDACC98363,EU,SGD,2026-08-10,ISIN302706330,2026-08-09T15:43:00
TRD000233,2026-12-06,RATES_APAC,A.Sharma,Bond,BUY,100,97.29,CP023,TRDACC65666,IN,USD,2026-12-07,ISIN463602964,2026-12-06T17:54:00
TRD000234,2026-08-16,EQD_LON,M.Jones,Bond,BUY,250,160.81,CP004,TRDACC33474,US,GBP,2026-08-17,ISIN131915385,2026-08-16T19:03:00
TRD000235,2026-01-25,RATES_APAC,M.Jones,Equity,SELL,100,247.77,CP026,TRDACC14716,IN,INR,2026-01-27,ISIN511919441,2026-01-25T13:54:00
TRD000236,2026-08-30,CASH_EQ_EMEA,S.Kulkarni,IRS,BUY,1000,73.21,CP016,TRDACC13689,IN,EUR,2026-09-02,ISIN505657194,2026-08-30T18:22:00
TRD000237,2026-02-27,RATES_APAC,K.Ito,Bond,SELL,500,37.47,CP019,TRDACC84455,US,SGD,2026-03-02,ISIN121165586,2026-02-27T13:02:00
TRD000238,2026-11-10,EQD_LON,L.Chen,ETF,BUY,250,157.56,CP011,TRDACC47664,JP,INR,2026-11-11,ISIN568141917,2026-11-10T15:40:00
TRD000239,2026-04-29,RATES_APAC,M.Jones,FX Forward,SELL,2500,202.99,CP007,TRDACC91915,EU,USD,2026-05-02,ISIN812381203,2026-04-29T13:12:00
TRD000240,2026-10-27,CASH_EQ_EMEA,M.Jones,GDR,BUY,1000,234.31,CP009,TRDACC41506,SG,INR,2026-10-28,ISIN772976789,2026-10-27T16:12:00
TRD000241,2026-03-07,RATES_APAC,K.Ito,ETF,BUY,100,68.94,CP013,TRDACC36475,GB,USD,2026-03-09,ISIN598387685,2026-03-07T16:27:00
TRD000242,2026-02-13,EQD_LON,L.Chen,Equity,BUY,500,171.2,CP011,TRDACC78414,IN,GBP,2026-02-16,ISIN526162812,2026-02-13T10:15:00
TRD000243,2026-04-12,CASH_EQ_EMEA,L.Chen,Bond,BUY,250,44.63,CP013,TRDACC74272,SG,SGD,2026-04-14,ISIN329897397,2026-04-12T15:26:00
TRD000244,2026-11-19,PB_GLOBAL,R.Patel,GDR,SELL,100,211.95,CP027,TRDACC82447,EU,USD,2026-11-20,ISIN957856711,2026-11-19T19:58:00
TRD000245,2026-12-11,PB_GLOBAL,M.Jones,Equity,SELL,5000,107.51,CP007,TRDACC65360,GB,JPY,2026-12-12,ISIN394244475,2026-12-11T15:30:00
TRD000246,2026-02-27,EQD_NY,R.Patel,ETF,BUY,1000,58.02,CP021,TRDACC87858,JP,SGD,2026-03-02,ISIN436856223,2026-02-27T09:07:00
TRD000247,2026-03-29,EQD_LON,M.Jones,GDR,BUY,100,231.55,CP013,TRDACC44312,JP,INR,2026-04-01,ISIN757133384,2026-03-29T11:58:00
TRD000248,2026-08-02,RATES_APAC,M.Jones,Bond,BUY,250,181.26,CP025,TRDACC66532,JP,SGD,2026-08-04,ISIN973394943,2026-08-02T12:47:00
TRD000249,2026-09-25,PB_GLOBAL,R.Patel,FX Forward,SELL,1000,30.58,CP015,TRDACC65481,GB,GBP,2026-09-27,ISIN243027709,2026-09-25T19:25:00
TRD000250,2026-10-12,FX_G10,R.Patel,GDR,SELL,500,244.61,CP001,TRDACC32264,EU,INR,2026-10-13,ISIN498252144,2026-10-12T16:02:00
TRD000251,2026-05-23,CASH_EQ_EMEA,M.Jones,ETF,BUY,500,232.3,CP002,TRDACC51358,GB,JPY,2026-05-26,ISIN382626443,2026-05-23T12:33:00
TRD000252,2026-01-13,PB_GLOBAL,R.Patel,IRS,BUY,500,247.32,CP014,TRDACC55823,US,JPY,2026-01-15,ISIN620979010,2026-01-13T15:07:00
TRD000253,2026-09-23,CASH_EQ_EMEA,A.Sharma,Equity,SELL,2500,53.34,CP007,TRDACC99300,IN,USD,2026-09-25,ISIN364309534,2026-09-23T18:06:00
TRD000254,2026-05-17,PB_GLOBAL,K.Ito,Equity,BUY,5000,11.39,CP016,,JP,SGD,2026-05-20,,2026-05-17T15:20:00
TRD000255,2026-07-26,RATES_APAC,K.Ito,GDR,SELL,1000,78.38,CP028,TRDACC99779,GB,EUR,2026-07-27,ISIN265500839,2026-07-26T12:31:00
TRD000256,2026-02-23,EQD_LON,A.Sharma,IRS,SELL,1000,204.64,CP019,TRDACC70755,IN,JPY,2026-02-25,ISIN300098048,2026-02-23T18:27:00
TRD000257,2026-07-07,RATES_APAC,M.Jones,Equity,BUY,2500,21.45,CP027,TRDACC70903,GB,INR,2026-07-10,ISIN148420285,2026-07-07T09:32:00
TRD000258,2026-06-16,EQD_NY,R.Patel,GDR,BUY,5000,119.2,CP014,TRDACC20252,SG,GBP,2026-06-19,ISIN583127884,2026-06-16T12:21:00
TRD000259,2026-06-21,EQD_NY,A.Sharma,GDR,BUY,5000,241.15,CP010,TRDACC24668,IN,INR,2026-06-23,ISIN524125052,2026-06-21T09:08:00
TRD000260,2026-03-13,RATES_APAC,M.Jones,Bond,BUY,1000,15.24,CP003,TRDACC68918,EU,JPY,2026-03-16,ISIN263662130,2026-03-13T19:28:00
TRD000261,2026-08-15,EQD_LON,L.Chen,GDR,BUY,2500,183.91,CP002,TRDACC65312,JP,JPY,2026-08-17,ISIN976913390,2026-08-15T11:45:00
TRD000262,2026-10-20,CASH_EQ_EMEA,K.Ito,GDR,SELL,500,231.22,CP008,TRDACC64638,IN,EUR,2026-10-22,ISIN805403426,2026-10-20T10:56:00
TRD000263,2026-08-03,EQD_LON,A.Sharma,FX Forward,SELL,1000,236.33,CP007,TRDACC44184,GB,INR,2026-08-04,ISIN426043743,2026-08-03T11:35:00
TRD000264,2026-03-29,RATES_APAC,M.Jones,IRS,BUY,5000,219.69,CP025,TRDACC23879,IN,GBP,2026-03-30,ISIN818855001,2026-03-29T19:03:00
TRD000265,2026-12-12,EQD_NY,A.Sharma,Equity,BUY,2500,129.61,CP006,TRDACC67554,SG,GBP,2026-12-15,ISIN265673777,2026-12-12T13:21:00
TRD000266,2026-07-11,RATES_APAC,R.Patel,IRS,BUY,1000,225.54,CP026,TRDACC77809,GB,EUR,2026-07-14,ISIN953203137,2026-07-11T13:01:00
TRD000267,2026-01-19,PB_GLOBAL,K.Ito,IRS,SELL,5000,201.78,CP021,TRDACC51116,GB,INR,2026-01-21,ISIN417531682,2026-01-19T14:56:00
TRD000268,2026-07-24,PB_GLOBAL,K.Ito,Equity,BUY,250,221.43,CP023,TRDACC78219,EU,SGD,2026-07-27,ISIN139696423,2026-07-24T13:24:00
TRD000269,2026-04-24,CASH_EQ_EMEA,S.Kulkarni,IRS,SELL,500,184.36,CP018,TRDACC26228,IN,GBP,2026-04-27,ISIN218586088,2026-04-24T08:53:00
TRD000270,2026-10-21,PB_GLOBAL,K.Ito,IRS,BUY,5000,169.72,CP026,TRDACC59501,SG,INR,2026-10-23,ISIN351081528,2026-10-21T12:18:00
TRD000271,2026-04-12,RATES_APAC,S.Kulkarni,IRS,SELL,100,98.63,CP014,TRDACC93422,GB,JPY,2026-04-15,ISIN532453497,2026-04-12T16:33:00
TRD000272,2026-08-02,RATES_APAC,A.Sharma,IRS,BUY,5000,47.64,CP023,,GB,JPY,2026-08-03,,2026-08-02T17:54:00
TRD000273,2026-03-12,EQD_LON,M.Jones,Equity,SELL,5000,127.31,CP014,TRDACC85112,US,GBP,2026-03-14,ISIN687913699,2026-03-12T09:55:00
TRD000274,2026-12-09,RATES_APAC,S.Kulkarni,GDR,BUY,100,201.95,CP022,TRDACC97876,JP,EUR,2026-12-11,ISIN769574098,2026-12-09T14:14:00
TRD000275,2026-01-18,FX_G10,R.Patel,FX Forward,BUY,2500,55.46,CP020,TRDACC46039,IN,INR,2026-01-19,ISIN639704301,2026-01-18T09:42:00
TRD000276,2026-01-27,EQD_NY,S.Kulkarni,ETF,BUY,2500,86.17,CP014,TRDACC33942,GB,JPY,2026-01-28,ISIN197737441,2026-01-27T09:34:00
TRD000277,2026-01-05,FX_G10,M.Jones,IRS,BUY,250,190.51,CP009,,JP,USD,2026-01-07,,2026-01-05T16:48:00
TRD000278,2026-03-07,EQD_NY,S.Kulkarni,Equity,BUY,2500,107.62,CP025,TRDACC42133,IN,SGD,2026-03-10,ISIN782683973,2026-03-07T11:50:00
TRD000279,2026-10-08,FX_G10,S.Kulkarni,ETF,BUY,5000,101.24,CP002,TRDACC31157,JP,GBP,2026-10-09,ISIN778827038,2026-10-08T17:53:00
TRD000280,2026-11-07,RATES_APAC,L.Chen,Bond,SELL,5000,118.65,CP029,TRDACC12080,SG,GBP,2026-11-09,ISIN811114540,2026-11-07T13:13:00
TRD000281,2026-08-31,EQD_LON,S.Kulkarni,IRS,SELL,5000,166.3,CP023,TRDACC88815,JP,JPY,2026-09-03,ISIN133229644,2026-08-31T15:43:00
TRD000282,2026-12-12,EQD_NY,M.Jones,IRS,SELL,250,31.59,CP001,TRDACC14822,EU,SGD,2026-12-14,ISIN771342645,2026-12-12T19:14:00
TRD000283,2026-12-09,FX_G10,S.Kulkarni,GDR,SELL,500,56.04,CP009,TRDACC10256,IN,EUR,2026-12-12,ISIN124822227,2026-12-09T18:34:00
TRD000284,2026-03-31,EQD_NY,S.Kulkarni,IRS,BUY,500,230.41,CP017,TRDACC84949,US,SGD,2026-04-02,ISIN581961364,2026-03-31T08:25:00
TRD000285,2026-07-25,RATES_APAC,R.Patel,GDR,SELL,100,152.21,CP004,TRDACC17134,US,JPY,2026-07-27,ISIN458954609,2026-07-25T11:06:00
TRD000286,2026-07-11,FX_G10,K.Ito,Bond,SELL,5000,25.61,CP003,,US,USD,2026-07-13,,2026-07-11T08:19:00
TRD000287,2026-10-19,CASH_EQ_EMEA,L.Chen,GDR,BUY,100,91.51,CP013,TRDACC24156,JP,JPY,2026-10-20,ISIN940663765,2026-10-19T15:33:00
TRD000288,2026-01-03,FX_G10,R.Patel,IRS,BUY,500,150.29,CP008,TRDACC71541,GB,USD,2026-01-05,ISIN799762892,2026-01-03T12:37:00
TRD000289,2026-08-22,CASH_EQ_EMEA,L.Chen,IRS,SELL,5000,245.66,CP011,TRDACC64879,GB,SGD,2026-08-24,ISIN843473702,2026-08-22T17:36:00
TRD000290,2026-04-12,EQD_LON,L.Chen,Equity,BUY,250,208.26,CP026,TRDACC28664,SG,JPY,2026-04-13,ISIN489571951,2026-04-12T09:22:00
TRD000291,2026-03-08,RATES_APAC,K.Ito,ETF,BUY,100,52.26,CP028,TRDACC54352,IN,EUR,2026-03-09,ISIN208652175,2026-03-08T18:08:00
TRD000292,2026-11-06,EQD_NY,S.Kulkarni,IRS,BUY,100,193.14,CP011,TRDACC16980,IN,JPY,2026-11-09,ISIN303046903,2026-11-06T12:50:00
TRD000293,2026-03-08,CASH_EQ_EMEA,L.Chen,GDR,SELL,5000,99.73,CP016,TRDACC93637,IN,JPY,2026-03-11,ISIN618936257,2026-03-08T15:30:00
TRD000294,2026-03-26,FX_G10,S.Kulkarni,Equity,BUY,500,71.09,CP029,TRDACC86541,JP,INR,2026-03-27,ISIN244236074,2026-03-26T12:28:00
TRD000295,2026-10-31,EQD_LON,S.Kulkarni,ETF,BUY,500,226.35,CP015,TRDACC22898,GB,GBP,2026-11-03,ISIN638765977,2026-10-31T16:41:00
TRD000296,2026-03-28,CASH_EQ_EMEA,M.Jones,ETF,SELL,5000,187.56,CP007,TRDACC86015,SG,INR,2026-03-30,ISIN109163182,2026-03-28T12:52:00
TRD000297,2026-02-11,FX_G10,A.Sharma,GDR,SELL,250,112.91,CP024,TRDACC28212,JP,GBP,2026-02-12,ISIN548488935,2026-02-11T15:28:00
TRD000298,2026-10-23,FX_G10,L.Chen,Bond,SELL,100,231.31,CP011,TRDACC59980,IN,USD,2026-10-26,ISIN454603800,2026-10-23T18:51:00
TRD000299,2026-08-02,PB_GLOBAL,L.Chen,FX Forward,BUY,250,57.76,CP002,TRDACC69593,SG,INR,2026-08-03,ISIN404746849,2026-08-02T11:18:00
TRD000300,2026-04-09,CASH_EQ_EMEA,L.Chen,GDR,BUY,1000,206.3,CP029,TRDACC75860,GB,EUR,2026-04-10,ISIN609791168,2026-04-09T17:36:00
TRD000301,2026-08-17,PB_GLOBAL,S.Kulkarni,ETF,SELL,100,186.95,CP029,TRDACC90350,JP,JPY,2026-08-19,ISIN793958412,2026-08-17T13:44:00
TRD000302,2026-05-20,FX_G10,A.Sharma,GDR,SELL,100,177.53,CP009,,SG,INR,2026-05-22,,2026-05-20T14:48:00
TRD000303,2026-12-13,EQD_NY,S.Kulkarni,Equity,SELL,250,105.2,CP015,,JP,GBP,2026-12-14,,2026-12-13T19:58:00
TRD000304,2026-03-02,EQD_NY,R.Patel,GDR,BUY,5000,193.26,CP018,TRDACC98479,SG,JPY,2026-03-03,ISIN393402390,2026-03-02T15:22:00
TRD000305,2026-02-01,EQD_LON,R.Patel,Equity,BUY,1000,16.71,CP030,TRDACC97046,GB,EUR,2026-02-02,ISIN461976234,2026-02-01T18:42:00
TRD000306,2026-11-10,CASH_EQ_EMEA,K.Ito,FX Forward,SELL,100,103.4,CP006,TRDACC15759,US,JPY,2026-11-11,ISIN336326489,2026-11-10T18:52:00
TRD000307,2026-07-19,PB_GLOBAL,M.Jones,Bond,BUY,5000,41.9,CP011,TRDACC53922,SG,SGD,2026-07-22,ISIN782205574,2026-07-19T13:54:00
TRD000308,2026-04-18,RATES_APAC,R.Patel,ETF,BUY,100,24.38,CP008,TRDACC41203,SG,JPY,2026-04-20,ISIN635503487,2026-04-18T11:09:00
TRD000309,2026-08-30,RATES_APAC,L.Chen,GDR,SELL,5000,247.21,CP011,TRDACC34057,GB,EUR,2026-09-02,ISIN847622862,2026-08-30T11:38:00
TRD000310,2026-07-23,FX_G10,R.Patel,GDR,SELL,1000,84.75,CP008,TRDACC47401,IN,USD,2026-07-24,ISIN312102949,2026-07-23T14:11:00
TRD000311,2026-10-24,EQD_LON,S.Kulkarni,FX Forward,BUY,1000,192.48,CP015,TRDACC82463,JP,INR,2026-10-26,ISIN121271982,2026-10-24T14:54:00
TRD000312,2026-12-11,RATES_APAC,S.Kulkarni,FX Forward,BUY,1000,107.09,CP028,TRDACC63580,IN,SGD,2026-12-14,ISIN523751880,2026-12-11T13:24:00
TRD000313,2026-12-05,PB_GLOBAL,K.Ito,ETF,BUY,250,124.65,CP021,TRDACC44253,JP,JPY,2026-12-08,ISIN777480312,2026-12-05T18:01:00
TRD000314,2026-12-20,PB_GLOBAL,S.Kulkarni,Bond,SELL,100,134.45,CP030,,JP,JPY,2026-12-21,,2026-12-20T14:16:00
TRD000315,2026-02-01,EQD_NY,R.Patel,FX Forward,SELL,5000,110.28,CP027,TRDACC34431,JP,USD,2026-02-03,ISIN802786783,2026-02-01T19:27:00
TRD000316,2026-09-19,RATES_APAC,A.Sharma,GDR,SELL,2500,36.21,CP006,TRDACC18423,GB,GBP,2026-09-20,ISIN278376576,2026-09-19T12:05:00
TRD000317,2026-02-06,RATES_APAC,M.Jones,FX Forward,SELL,2500,200.03,CP022,TRDACC89216,IN,USD,2026-02-09,ISIN747450075,2026-02-06T12:59:00
TRD000318,2026-10-22,FX_G10,S.Kulkarni,Bond,BUY,1000,184.05,CP012,TRDACC58290,EU,USD,2026-10-25,ISIN127574144,2026-10-22T09:55:00
TRD000319,2026-10-14,PB_GLOBAL,A.Sharma,Equity,SELL,1000,187.41,CP022,TRDACC48517,JP,EUR,2026-10-16,ISIN474020739,2026-10-14T15:42:00
TRD000320,2026-08-03,PB_GLOBAL,K.Ito,Bond,BUY,1000,169.03,CP018,TRDACC23824,JP,EUR,2026-08-04,ISIN361301518,2026-08-03T10:48:00
TRD000321,2026-11-02,EQD_NY,L.Chen,FX Forward,BUY,2500,162.05,CP029,TRDACC94408,SG,USD,2026-11-05,ISIN197111094,2026-11-02T13:55:00
TRD000322,2026-04-22,EQD_LON,S.Kulkarni,Bond,BUY,100,147.48,CP011,,SG,INR,2026-04-24,,2026-04-22T17:47:00
TRD000323,2026-04-15,PB_GLOBAL,A.Sharma,IRS,SELL,5000,119.39,CP011,TRDACC50487,GB,GBP,2026-04-16,ISIN404290729,2026-04-15T19:42:00
TRD000324,2026-04-20,PB_GLOBAL,R.Patel,Bond,BUY,5000,22.62,CP023,TRDACC81819,GB,SGD,2026-04-23,ISIN623454129,2026-04-20T14:19:00
TRD000325,2026-10-26,FX_G10,R.Patel,GDR,SELL,100,213.95,CP004,TRDACC73234,GB,GBP,2026-10-28,ISIN426496983,2026-10-26T18:10:00
TRD000326,2026-02-09,FX_G10,M.Jones,Equity,BUY,1000,53.11,CP022,,GB,USD,2026-02-12,,2026-02-09T18:21:00
TRD000327,2026-07-08,EQD_LON,M.Jones,ETF,BUY,5000,166.77,CP025,TRDACC13018,JP,SGD,2026-07-09,ISIN112458001,2026-07-08T09:05:00
TRD000328,2026-07-07,RATES_APAC,K.Ito,ETF,BUY,2500,40.06,CP016,TRDACC61615,SG,SGD,2026-07-10,ISIN168180783,2026-07-07T16:11:00
TRD000329,2026-01-04,EQD_LON,R.Patel,ETF,SELL,100,131.48,CP003,TRDACC16051,IN,GBP,2026-01-05,ISIN684574207,2026-01-04T14:42:00
TRD000330,2026-09-06,CASH_EQ_EMEA,R.Patel,Equity,BUY,5000,33.76,CP012,TRDACC88924,IN,INR,2026-09-07,ISIN354584572,2026-09-06T11:09:00
TRD000331,2026-04-04,CASH_EQ_EMEA,L.Chen,GDR,BUY,5000,185.84,CP023,,GB,INR,2026-04-07,,2026-04-04T11:45:00
TRD000332,2026-12-11,EQD_LON,R.Patel,Equity,SELL,250,75.68,CP012,TRDACC87178,EU,GBP,2026-12-12,ISIN504968149,2026-12-11T14:06:00
TRD000333,2026-11-23,EQD_LON,K.Ito,FX Forward,BUY,2500,142.4,CP006,TRDACC96188,EU,SGD,2026-11-26,ISIN612026532,2026-11-23T10:16:00
TRD000334,2026-08-04,FX_G10,K.Ito,FX Forward,BUY,1000,246.7,CP020,,JP,SGD,2026-08-06,,2026-08-04T12:27:00
TRD000335,2026-11-14,FX_G10,K.Ito,FX Forward,BUY,5000,42.74,CP026,TRDACC63145,US,JPY,2026-11-17,ISIN652989375,2026-11-14T18:56:00
TRD000336,2026-10-02,EQD_LON,S.Kulkarni,Bond,BUY,2500,117.68,CP030,TRDACC77329,IN,SGD,2026-10-05,ISIN824262657,2026-10-02T11:11:00
TRD000337,2026-05-08,RATES_APAC,R.Patel,Bond,SELL,1000,80.45,CP027,,IN,USD,2026-05-11,,2026-05-08T18:36:00
TRD000338,2026-02-15,RATES_APAC,A.Sharma,IRS,BUY,1000,57.41,CP013,,EU,USD,2026-02-16,,2026-02-15T14:07:00
TRD000339,2026-12-13,EQD_LON,R.Patel,GDR,SELL,100,96.22,CP006,TRDACC65188,GB,GBP,2026-12-14,ISIN313099766,2026-12-13T11:18:00
TRD000340,2026-02-13,PB_GLOBAL,R.Patel,Bond,BUY,100,200.25,CP017,TRDACC98907,SG,SGD,2026-02-15,ISIN267011940,2026-02-13T16:00:00
TRD000341,2026-12-02,RATES_APAC,K.Ito,GDR,BUY,100,217.4,CP024,TRDACC75841,IN,EUR,2026-12-05,ISIN365594731,2026-12-02T14:12:00
TRD000342,2026-03-31,EQD_NY,S.Kulkarni,IRS,SELL,100,101.28,CP014,TRDACC72809,US,INR,2026-04-03,ISIN429043827,2026-03-31T18:14:00
TRD000343,2026-04-08,RATES_APAC,S.Kulkarni,IRS,SELL,1000,77.24,CP022,TRDACC49892,SG,GBP,2026-04-10,ISIN208192050,2026-04-08T10:16:00
TRD000344,2026-02-06,PB_GLOBAL,R.Patel,GDR,BUY,100,41.32,CP021,TRDACC68427,EU,EUR,2026-02-07,ISIN746215549,2026-02-06T08:37:00
TRD000345,2026-09-12,RATES_APAC,L.Chen,GDR,BUY,500,117.64,CP018,TRDACC31880,SG,GBP,2026-09-14,ISIN226088358,2026-09-12T09:30:00
TRD000346,2026-04-03,FX_G10,M.Jones,Bond,SELL,100,48.4,CP013,TRDACC49768,IN,GBP,2026-04-06,ISIN735776226,2026-04-03T08:56:00
TRD000347,2026-09-02,PB_GLOBAL,L.Chen,GDR,SELL,100,165.67,CP021,TRDACC27512,GB,EUR,2026-09-04,ISIN749785103,2026-09-02T13:05:00
TRD000348,2026-06-07,PB_GLOBAL,M.Jones,FX Forward,SELL,250,149.6,CP027,TRDACC29442,JP,EUR,2026-06-09,ISIN267118760,2026-06-07T11:46:00
TRD000349,2026-07-05,PB_GLOBAL,A.Sharma,FX Forward,BUY,1000,228.19,CP003,TRDACC59528,GB,USD,2026-07-08,ISIN207625222,2026-07-05T16:08:00
TRD000350,2026-04-05,RATES_APAC,R.Patel,FX Forward,BUY,1000,192.32,CP028,TRDACC17323,SG,USD,2026-04-06,ISIN975598792,2026-04-05T12:21:00
TRD000351,2026-06-03,PB_GLOBAL,A.Sharma,ETF,SELL,250,94.79,CP001,TRDACC32224,GB,USD,2026-06-06,ISIN342541514,2026-06-03T14:43:00
TRD000352,2026-07-16,CASH_EQ_EMEA,L.Chen,GDR,SELL,500,153.91,CP020,TRDACC55663,GB,EUR,2026-07-17,ISIN556602863,2026-07-16T18:43:00
TRD000353,2026-02-09,RATES_APAC,K.Ito,FX Forward,SELL,250,53.65,CP024,TRDACC88871,EU,EUR,2026-02-11,ISIN478610768,2026-02-09T15:27:00
TRD000354,2026-12-07,FX_G10,M.Jones,ETF,BUY,5000,30.94,CP017,TRDACC24438,IN,SGD,2026-12-08,ISIN103077456,2026-12-07T08:23:00
TRD000355,2026-10-29,PB_GLOBAL,A.Sharma,Equity,BUY,250,100.59,CP002,TRDACC72498,SG,EUR,2026-10-31,ISIN847455877,2026-10-29T13:03:00
TRD000356,2026-12-14,PB_GLOBAL,K.Ito,FX Forward,BUY,5000,237.7,CP016,TRDACC47587,SG,EUR,2026-12-17,ISIN541868896,2026-12-14T13:28:00
TRD000357,2026-05-24,EQD_NY,K.Ito,Bond,BUY,250,111.68,CP030,TRDACC62481,IN,INR,2026-05-25,ISIN391872669,2026-05-24T16:24:00
TRD000358,2026-02-02,FX_G10,A.Sharma,ETF,BUY,500,154.77,CP007,TRDACC37775,EU,USD,2026-02-03,ISIN130117239,2026-02-02T12:10:00
TRD000359,2026-02-07,RATES_APAC,K.Ito,ETF,SELL,100,245.33,CP002,TRDACC26976,US,GBP,2026-02-10,ISIN527495689,2026-02-07T11:20:00
TRD000360,2026-11-02,FX_G10,S.Kulkarni,IRS,SELL,5000,48.65,CP029,TRDACC27196,GB,SGD,2026-11-05,ISIN654373758,2026-11-02T17:41:00
TRD000361,2026-05-17,EQD_LON,S.Kulkarni,FX Forward,SELL,100,129.74,CP026,TRDACC56316,US,EUR,2026-05-18,ISIN436852895,2026-05-17T12:10:00
TRD000362,2026-07-12,FX_G10,S.Kulkarni,Bond,SELL,2500,230.11,CP002,,EU,GBP,2026-07-14,,2026-07-12T16:54:00
TRD000363,2026-07-26,RATES_APAC,A.Sharma,ETF,BUY,1000,170.6,CP028,TRDACC33628,US,EUR,2026-07-28,ISIN600232257,2026-07-26T18:34:00
TRD000364,2026-06-17,EQD_NY,A.Sharma,FX Forward,BUY,100,247.07,CP005,TRDACC13007,SG,EUR,2026-06-19,ISIN167001765,2026-06-17T14:30:00
TRD000365,2026-01-04,RATES_APAC,M.Jones,ETF,BUY,1000,92.08,CP022,,EU,EUR,2026-01-05,,2026-01-04T13:26:00
TRD000366,2026-03-14,EQD_LON,M.Jones,GDR,BUY,500,37.27,CP001,TRDACC93138,GB,JPY,2026-03-16,ISIN536354332,2026-03-14T16:46:00
TRD000367,2026-06-28,PB_GLOBAL,M.Jones,ETF,SELL,500,13.89,CP022,TRDACC63790,IN,USD,2026-06-29,ISIN639109879,2026-06-28T19:31:00
TRD000368,2026-09-18,RATES_APAC,K.Ito,FX Forward,SELL,250,140.26,CP014,TRDACC91313,EU,EUR,2026-09-21,ISIN406046409,2026-09-18T19:43:00
TRD000369,2026-10-25,RATES_APAC,A.Sharma,FX Forward,BUY,100,170.25,CP021,TRDACC71548,JP,INR,2026-10-26,ISIN327494893,2026-10-25T15:35:00
TRD000370,2026-07-21,CASH_EQ_EMEA,L.Chen,FX Forward,SELL,250,11.0,CP022,TRDACC53920,EU,GBP,2026-07-22,ISIN135084096,2026-07-21T08:09:00
TRD000371,2026-12-26,CASH_EQ_EMEA,L.Chen,GDR,BUY,250,131.02,CP014,TRDACC52258,GB,USD,2026-12-28,ISIN719477895,2026-12-26T18:58:00
TRD000372,2026-03-06,RATES_APAC,S.Kulkarni,ETF,BUY,5000,225.5,CP021,TRDACC46040,SG,GBP,2026-03-09,ISIN308122210,2026-03-06T11:46:00
TRD000373,2026-02-15,RATES_APAC,M.Jones,FX Forward,SELL,100,109.3,CP030,TRDACC93040,GB,JPY,2026-02-16,ISIN771821748,2026-02-15T11:43:00
TRD000374,2026-10-18,EQD_LON,L.Chen,GDR,BUY,100,48.01,CP012,TRDACC77894,JP,INR,2026-10-19,ISIN373268387,2026-10-18T11:38:00
TRD000375,2026-12-16,RATES_APAC,R.Patel,GDR,SELL,5000,80.64,CP007,TRDACC32670,US,GBP,2026-12-18,ISIN968669732,2026-12-16T14:32:00
TRD000376,2026-10-23,EQD_NY,L.Chen,IRS,SELL,500,205.81,CP029,TRDACC59015,JP,JPY,2026-10-26,ISIN215490714,2026-10-23T14:27:00
TRD000377,2026-03-10,CASH_EQ_EMEA,A.Sharma,GDR,BUY,250,27.43,CP026,,EU,JPY,2026-03-12,,2026-03-10T10:49:00
TRD000378,2026-11-24,RATES_APAC,M.Jones,ETF,BUY,1000,86.27,CP019,TRDACC45968,SG,JPY,2026-11-25,ISIN312762389,2026-11-24T08:51:00
TRD000379,2026-04-23,CASH_EQ_EMEA,K.Ito,FX Forward,BUY,250,211.99,CP001,TRDACC19103,SG,INR,2026-04-26,ISIN139737245,2026-04-23T16:02:00
TRD000380,2026-08-14,EQD_NY,A.Sharma,Equity,BUY,5000,242.12,CP013,TRDACC28184,EU,SGD,2026-08-17,ISIN501478598,2026-08-14T09:01:00
TRD000381,2026-05-24,FX_G10,M.Jones,ETF,SELL,100,36.59,CP001,TRDACC32326,SG,USD,2026-05-26,ISIN180575920,2026-05-24T13:44:00
TRD000382,2026-08-09,CASH_EQ_EMEA,K.Ito,FX Forward,BUY,500,195.43,CP019,TRDACC56269,JP,SGD,2026-08-10,ISIN342483672,2026-08-09T12:49:00
TRD000383,2026-05-14,RATES_APAC,K.Ito,IRS,BUY,250,205.36,CP015,TRDACC76127,JP,EUR,2026-05-16,ISIN651825253,2026-05-14T12:45:00
TRD000384,2026-11-03,RATES_APAC,R.Patel,Equity,SELL,250,120.63,CP022,TRDACC13746,EU,INR,2026-11-04,ISIN899965574,2026-11-03T11:01:00
TRD000385,2026-11-12,FX_G10,S.Kulkarni,Bond,SELL,5000,232.72,CP012,TRDACC77976,US,USD,2026-11-13,ISIN415686428,2026-11-12T14:11:00
TRD000386,2026-06-18,EQD_NY,R.Patel,GDR,BUY,1000,34.31,CP008,TRDACC55564,IN,SGD,2026-06-21,ISIN984836978,2026-06-18T12:31:00
TRD000387,2026-05-14,EQD_LON,R.Patel,Equity,SELL,1000,44.04,CP011,TRDACC20089,SG,USD,2026-05-16,ISIN815145748,2026-05-14T14:21:00
TRD000388,2026-04-16,PB_GLOBAL,S.Kulkarni,Bond,SELL,2500,50.15,CP019,TRDACC74312,SG,GBP,2026-04-17,ISIN932425391,2026-04-16T09:19:00
TRD000389,2026-04-19,EQD_NY,M.Jones,FX Forward,BUY,5000,176.99,CP012,TRDACC45903,JP,USD,2026-04-20,ISIN485924214,2026-04-19T19:05:00
TRD000390,2026-07-26,PB_GLOBAL,R.Patel,ETF,SELL,1000,146.0,CP027,TRDACC99249,IN,USD,2026-07-27,ISIN409676308,2026-07-26T08:31:00
TRD000391,2026-01-12,CASH_EQ_EMEA,L.Chen,Equity,BUY,500,168.46,CP002,TRDACC21272,JP,GBP,2026-01-14,ISIN153581912,2026-01-12T10:22:00
TRD000392,2026-05-08,FX_G10,R.Patel,IRS,BUY,2500,84.58,CP014,TRDACC42770,JP,USD,2026-05-11,ISIN567954159,2026-05-08T13:51:00
TRD000393,2026-08-22,RATES_APAC,M.Jones,GDR,SELL,500,130.92,CP004,,GB,INR,2026-08-24,,2026-08-22T15:22:00
TRD000394,2026-07-21,CASH_EQ_EMEA,K.Ito,IRS,BUY,100,121.07,CP002,TRDACC53710,JP,EUR,2026-07-22,ISIN594158268,2026-07-21T09:03:00
TRD000395,2026-11-29,PB_GLOBAL,R.Patel,ETF,BUY,250,82.21,CP005,TRDACC18800,GB,SGD,2026-11-30,ISIN872172887,2026-11-29T15:39:00
TRD000396,2026-05-11,RATES_APAC,K.Ito,Bond,BUY,1000,245.85,CP013,TRDACC66669,US,USD,2026-05-13,ISIN687035323,2026-05-11T17:43:00
TRD000397,2026-07-11,CASH_EQ_EMEA,M.Jones,FX Forward,BUY,5000,201.97,CP012,TRDACC83952,SG,GBP,2026-07-13,ISIN547639171,2026-07-11T10:01:00
TRD000398,2026-05-21,RATES_APAC,L.Chen,IRS,BUY,2500,215.4,CP024,TRDACC32871,JP,GBP,2026-05-23,ISIN326323450,2026-05-21T19:33:00
TRD000399,2026-07-13,CASH_EQ_EMEA,R.Patel,IRS,SELL,2500,168.15,CP003,TRDACC87182,SG,JPY,2026-07-16,ISIN860746273,2026-07-13T18:33:00
TRD000400,2026-06-24,EQD_NY,K.Ito,GDR,SELL,250,245.52,CP030,TRDACC65057,SG,JPY,2026-06-25,ISIN954274289,2026-06-24T09:57:00
TRD000401,2026-08-22,EQD_NY,A.Sharma,GDR,BUY,500,64.12,CP007,TRDACC92459,EU,JPY,2026-08-24,ISIN274042365,2026-08-22T16:51:00
TRD000402,2026-08-16,PB_GLOBAL,M.Jones,IRS,BUY,500,95.56,CP007,TRDACC84599,GB,INR,2026-08-17,ISIN248040578,2026-08-16T15:27:00
TRD000403,2026-12-13,EQD_NY,L.Chen,Bond,SELL,100,219.39,CP027,TRDACC62326,EU,JPY,2026-12-14,ISIN409311735,2026-12-13T16:36:00
TRD000404,2026-10-19,PB_GLOBAL,L.Chen,Equity,BUY,5000,210.4,CP008,TRDACC82276,JP,USD,2026-10-20,ISIN471348848,2026-10-19T14:38:00
TRD000405,2026-04-17,RATES_APAC,A.Sharma,GDR,SELL,2500,216.47,CP001,TRDACC59444,US,USD,2026-04-20,ISIN834004609,2026-04-17T08:35:00
TRD000406,2026-01-07,PB_GLOBAL,R.Patel,IRS,BUY,1000,189.39,CP008,TRDACC20041,US,INR,2026-01-08,ISIN709937556,2026-01-07T08:55:00
TRD000407,2026-04-14,CASH_EQ_EMEA,L.Chen,ETF,SELL,5000,186.45,CP003,TRDACC95674,EU,INR,2026-04-16,ISIN336531677,2026-04-14T19:19:00
TRD000408,2026-04-07,EQD_NY,K.Ito,Equity,SELL,5000,142.71,CP030,TRDACC95184,GB,INR,2026-04-10,ISIN499850700,2026-04-07T10:02:00
TRD000409,2026-07-15,RATES_APAC,R.Patel,FX Forward,SELL,100,217.07,CP002,TRDACC79794,EU,INR,2026-07-16,ISIN576762564,2026-07-15T11:13:00
TRD000410,2026-07-22,FX_G10,L.Chen,IRS,SELL,5000,78.98,CP026,TRDACC31305,US,INR,2026-07-24,ISIN597682057,2026-07-22T17:46:00
TRD000411,2026-11-23,CASH_EQ_EMEA,R.Patel,ETF,SELL,2500,12.96,CP009,TRDACC70650,SG,GBP,2026-11-26,ISIN710358959,2026-11-23T13:53:00
TRD000412,2026-05-24,EQD_NY,L.Chen,FX Forward,BUY,500,72.29,CP003,TRDACC40496,JP,EUR,2026-05-25,ISIN236604097,2026-05-24T18:11:00
TRD000413,2026-11-29,EQD_LON,L.Chen,Equity,SELL,500,139.71,CP009,TRDACC24835,EU,USD,2026-11-30,ISIN744866619,2026-11-29T13:06:00
TRD000414,2026-08-08,FX_G10,A.Sharma,ETF,BUY,2500,17.48,CP014,TRDACC89827,SG,GBP,2026-08-10,ISIN147900241,2026-08-08T10:58:00
TRD000415,2026-10-10,EQD_LON,K.Ito,ETF,BUY,250,88.88,CP011,TRDACC68328,EU,EUR,2026-10-12,ISIN347917000,2026-10-10T13:47:00
TRD000416,2026-07-20,EQD_LON,A.Sharma,IRS,SELL,2500,169.82,CP030,TRDACC65184,IN,EUR,2026-07-22,ISIN379472394,2026-07-20T13:20:00
TRD000417,2026-01-20,RATES_APAC,S.Kulkarni,Bond,BUY,250,247.58,CP005,TRDACC62732,US,JPY,2026-01-23,ISIN652866539,2026-01-20T14:57:00
TRD000418,2026-12-19,PB_GLOBAL,L.Chen,FX Forward,BUY,1000,79.43,CP015,TRDACC29956,JP,SGD,2026-12-20,ISIN851741358,2026-12-19T19:11:00
TRD000419,2026-05-30,CASH_EQ_EMEA,M.Jones,IRS,SELL,2500,134.24,CP008,TRDACC33385,EU,JPY,2026-06-02,ISIN722585793,2026-05-30T14:18:00
TRD000420,2026-04-05,CASH_EQ_EMEA,R.Patel,ETF,BUY,500,235.41,CP009,TRDACC37111,JP,JPY,2026-04-06,ISIN750870273,2026-04-05T11:42:00
TRD000421,2026-05-17,EQD_LON,K.Ito,IRS,BUY,1000,185.7,CP001,TRDACC68249,EU,EUR,2026-05-19,ISIN235483349,2026-05-17T12:58:00
TRD000422,2026-09-20,PB_GLOBAL,L.Chen,ETF,SELL,100,179.63,CP015,,SG,SGD,2026-09-22,,2026-09-20T09:59:00
TRD000423,2026-03-06,RATES_APAC,A.Sharma,IRS,SELL,5000,220.21,CP024,TRDACC83103,JP,GBP,2026-03-09,ISIN876619853,2026-03-06T11:00:00
TRD000424,2026-05-19,RATES_APAC,S.Kulkarni,GDR,BUY,1000,127.65,CP029,TRDACC38695,EU,EUR,2026-05-22,ISIN521132336,2026-05-19T13:34:00
TRD000425,2026-10-16,FX_G10,S.Kulkarni,ETF,SELL,250,16.95,CP025,TRDACC98472,JP,JPY,2026-10-17,ISIN644910454,2026-10-16T14:03:00
TRD000426,2026-04-17,EQD_NY,L.Chen,GDR,BUY,250,138.64,CP010,TRDACC12767,JP,JPY,2026-04-20,ISIN218450490,2026-04-17T17:21:00
TRD000427,2026-05-25,EQD_NY,A.Sharma,ETF,BUY,250,228.56,CP028,TRDACC12625,SG,EUR,2026-05-26,ISIN543879804,2026-05-25T16:46:00
TRD000428,2026-03-26,PB_GLOBAL,K.Ito,Equity,SELL,5000,220.39,CP013,TRDACC12641,SG,JPY,2026-03-27,ISIN182170332,2026-03-26T16:46:00
TRD000429,2026-06-17,RATES_APAC,A.Sharma,ETF,SELL,2500,76.85,CP013,TRDACC61595,EU,JPY,2026-06-20,ISIN854711076,2026-06-17T16:15:00
TRD000430,2026-03-25,RATES_APAC,L.Chen,Equity,BUY,5000,244.2,CP021,TRDACC20995,EU,GBP,2026-03-26,ISIN702246140,2026-03-25T11:55:00
TRD000431,2026-10-11,RATES_APAC,S.Kulkarni,Bond,BUY,100,74.35,CP011,TRDACC52183,SG,INR,2026-10-14,ISIN910715800,2026-10-11T15:34:00
TRD000432,2026-01-30,PB_GLOBAL,L.Chen,GDR,SELL,1000,128.84,CP006,TRDACC62350,GB,JPY,2026-02-02,ISIN962379647,2026-01-30T15:08:00
TRD000433,2026-03-28,RATES_APAC,A.Sharma,GDR,SELL,500,232.5,CP017,TRDACC64565,IN,GBP,2026-03-29,ISIN245319411,2026-03-28T16:45:00
TRD000434,2026-02-28,EQD_NY,S.Kulkarni,Bond,SELL,500,162.72,CP020,TRDACC65858,JP,INR,2026-03-03,ISIN470395234,2026-02-28T08:59:00
TRD000435,2026-10-03,FX_G10,L.Chen,IRS,SELL,250,201.25,CP009,,GB,GBP,2026-10-05,,2026-10-03T13:36:00
TRD000436,2026-07-21,RATES_APAC,M.Jones,IRS,SELL,1000,88.5,CP005,TRDACC72190,IN,JPY,2026-07-22,ISIN916051762,2026-07-21T11:35:00
TRD000437,2026-06-05,RATES_APAC,R.Patel,FX Forward,BUY,100,217.87,CP018,,JP,SGD,2026-06-08,,2026-06-05T13:46:00
TRD000438,2026-11-06,PB_GLOBAL,A.Sharma,Equity,BUY,5000,124.9,CP020,TRDACC71709,EU,USD,2026-11-09,ISIN846786447,2026-11-06T12:17:00
TRD000439,2026-12-22,RATES_APAC,K.Ito,Bond,BUY,250,219.02,CP029,,SG,EUR,2026-12-24,,2026-12-22T09:03:00
TRD000440,2026-11-20,EQD_NY,M.Jones,IRS,BUY,100,25.59,CP022,TRDACC46113,JP,JPY,2026-11-23,ISIN258391889,2026-11-20T12:05:00
TRD000441,2026-02-02,EQD_LON,R.Patel,Equity,BUY,100,53.8,CP003,TRDACC38511,IN,JPY,2026-02-04,ISIN299349714,2026-02-02T17:40:00
TRD000442,2026-05-05,RATES_APAC,S.Kulkarni,ETF,SELL,250,245.03,CP014,,GB,EUR,2026-05-07,,2026-05-05T12:05:00
TRD000443,2026-12-24,RATES_APAC,S.Kulkarni,Equity,BUY,5000,200.63,CP007,TRDACC25112,EU,SGD,2026-12-25,ISIN651122099,2026-12-24T12:13:00
TRD000444,2026-11-10,EQD_LON,R.Patel,FX Forward,SELL,100,48.1,CP011,TRDACC50144,SG,USD,2026-11-12,ISIN459394784,2026-11-10T18:57:00
TRD000445,2026-11-10,RATES_APAC,S.Kulkarni,Bond,SELL,500,19.63,CP020,TRDACC87735,EU,JPY,2026-11-13,ISIN919450756,2026-11-10T09:26:00
TRD000446,2026-08-12,CASH_EQ_EMEA,A.Sharma,GDR,BUY,250,120.54,CP010,TRDACC40957,GB,GBP,2026-08-13,ISIN258367270,2026-08-12T10:19:00
TRD000447,2026-11-11,EQD_NY,A.Sharma,FX Forward,SELL,5000,61.0,CP004,TRDACC26843,JP,INR,2026-11-13,ISIN817728605,2026-11-11T15:45:00
TRD000448,2026-10-05,RATES_APAC,A.Sharma,ETF,BUY,250,98.59,CP019,TRDACC28098,US,EUR,2026-10-06,ISIN638434202,2026-10-05T17:38:00
TRD000449,2026-03-05,PB_GLOBAL,A.Sharma,Equity,SELL,1000,173.76,CP002,,EU,JPY,2026-03-06,,2026-03-05T13:43:00
TRD000450,2026-12-10,RATES_APAC,K.Ito,Equity,BUY,2500,243.22,CP017,TRDACC29711,EU,JPY,2026-12-11,ISIN943418541,2026-12-10T14:34:00
TRD000451,2026-10-20,CASH_EQ_EMEA,R.Patel,ETF,SELL,500,70.56,CP015,TRDACC56777,EU,USD,2026-10-22,ISIN824771740,2026-10-20T08:34:00
TRD000452,2026-05-09,RATES_APAC,A.Sharma,Bond,BUY,1000,175.36,CP021,TRDACC52806,JP,JPY,2026-05-12,ISIN986450549,2026-05-09T16:36:00
TRD000453,2026-05-24,EQD_NY,L.Chen,Equity,SELL,5000,188.24,CP001,TRDACC49741,GB,SGD,2026-05-26,ISIN998564400,2026-05-24T09:50:00
TRD000454,2026-05-15,EQD_LON,M.Jones,FX Forward,BUY,5000,20.98,CP024,TRDACC12453,SG,EUR,2026-05-18,ISIN294626885,2026-05-15T12:17:00
TRD000455,2026-10-10,CASH_EQ_EMEA,M.Jones,IRS,BUY,2500,103.37,CP019,TRDACC70548,JP,SGD,2026-10-12,ISIN113493954,2026-10-10T13:20:00
TRD000456,2026-07-09,RATES_APAC,M.Jones,IRS,BUY,100,47.42,CP010,TRDACC47209,EU,GBP,2026-07-12,ISIN279029593,2026-07-09T13:36:00
TRD000457,2026-03-23,FX_G10,S.Kulkarni,IRS,SELL,5000,244.94,CP019,TRDACC57602,EU,EUR,2026-03-25,ISIN538640915,2026-03-23T11:26:00
TRD000458,2026-04-30,EQD_LON,M.Jones,FX Forward,SELL,2500,209.17,CP030,TRDACC64823,GB,JPY,2026-05-01,ISIN804579307,2026-04-30T18:58:00
TRD000459,2026-10-25,PB_GLOBAL,R.Patel,IRS,BUY,5000,103.44,CP012,TRDACC71888,US,SGD,2026-10-26,ISIN307266073,2026-10-25T15:23:00
TRD000460,2026-03-06,PB_GLOBAL,M.Jones,Equity,SELL,1000,183.29,CP026,TRDACC60504,IN,GBP,2026-03-09,ISIN107390903,2026-03-06T08:43:00
TRD000461,2026-06-13,EQD_LON,A.Sharma,GDR,BUY,5000,232.57,CP027,TRDACC44406,SG,USD,2026-06-15,ISIN797534689,2026-06-13T14:50:00
TRD000462,2026-06-08,FX_G10,A.Sharma,FX Forward,BUY,5000,116.72,CP025,TRDACC29401,GB,GBP,2026-06-10,ISIN851148628,2026-06-08T17:17:00
TRD000463,2026-07-01,FX_G10,S.Kulkarni,GDR,SELL,5000,80.77,CP019,TRDACC43725,SG,GBP,2026-07-04,ISIN964575468,2026-07-01T10:09:00
TRD000464,2026-06-19,RATES_APAC,K.Ito,IRS,BUY,250,150.91,CP016,TRDACC78843,IN,EUR,2026-06-22,ISIN437473012,2026-06-19T13:24:00
TRD000465,2026-11-08,FX_G10,R.Patel,IRS,BUY,500,129.71,CP020,,SG,USD,2026-11-09,,2026-11-08T19:54:00
TRD000466,2026-03-20,EQD_LON,L.Chen,Bond,SELL,5000,215.81,CP008,TRDACC82348,EU,SGD,2026-03-23,ISIN840492575,2026-03-20T15:11:00
TRD000467,2026-06-24,EQD_NY,A.Sharma,FX Forward,BUY,5000,27.53,CP004,TRDACC88419,IN,USD,2026-06-26,ISIN224990409,2026-06-24T09:30:00
TRD000468,2026-05-08,PB_GLOBAL,M.Jones,ETF,BUY,2500,69.77,CP017,TRDACC33878,EU,SGD,2026-05-11,ISIN827827896,2026-05-08T16:19:00
TRD000469,2026-04-24,FX_G10,M.Jones,Bond,BUY,100,193.08,CP022,TRDACC99751,IN,EUR,2026-04-27,ISIN429853852,2026-04-24T12:20:00
TRD000470,2026-11-18,CASH_EQ_EMEA,S.Kulkarni,ETF,BUY,1000,197.14,CP011,TRDACC50138,IN,JPY,2026-11-20,ISIN345590089,2026-11-18T15:59:00
TRD000471,2026-05-09,FX_G10,K.Ito,FX Forward,BUY,500,15.68,CP007,TRDACC38177,SG,SGD,2026-05-11,ISIN949243852,2026-05-09T13:35:00
TRD000472,2026-12-21,EQD_LON,K.Ito,IRS,SELL,1000,69.96,CP025,TRDACC46181,SG,JPY,2026-12-23,ISIN729335505,2026-12-21T08:06:00
TRD000473,2026-08-27,PB_GLOBAL,S.Kulkarni,FX Forward,SELL,250,144.84,CP014,TRDACC12864,GB,EUR,2026-08-29,ISIN363310130,2026-08-27T17:34:00
TRD000474,2026-05-10,RATES_APAC,M.Jones,Equity,SELL,2500,189.44,CP007,TRDACC16295,SG,SGD,2026-05-11,ISIN250613697,2026-05-10T18:26:00
TRD000475,2026-02-15,PB_GLOBAL,R.Patel,IRS,BUY,100,137.62,CP024,TRDACC99647,US,INR,2026-02-18,ISIN194199647,2026-02-15T15:39:00
TRD000476,2026-07-19,RATES_APAC,R.Patel,FX Forward,SELL,500,11.52,CP027,TRDACC39214,JP,USD,2026-07-20,ISIN120263286,2026-07-19T11:20:00
TRD000477,2026-01-25,EQD_NY,R.Patel,Equity,SELL,250,139.62,CP001,TRDACC31402,IN,INR,2026-01-27,ISIN451608619,2026-01-25T11:42:00
TRD000478,2026-08-12,FX_G10,L.Chen,FX Forward,BUY,250,59.35,CP013,TRDACC31349,US,JPY,2026-08-13,ISIN733740880,2026-08-12T09:11:00
TRD000479,2026-09-02,EQD_LON,S.Kulkarni,FX Forward,SELL,1000,13.87,CP012,TRDACC50629,JP,GBP,2026-09-04,ISIN962656713,2026-09-02T14:54:00
TRD000480,2026-03-16,EQD_NY,K.Ito,FX Forward,SELL,250,43.65,CP006,TRDACC58719,IN,USD,2026-03-17,ISIN918500336,2026-03-16T08:38:00
TRD000481,2026-02-28,CASH_EQ_EMEA,A.Sharma,FX Forward,BUY,1000,58.98,CP006,TRDACC53461,EU,USD,2026-03-02,ISIN771424174,2026-02-28T12:39:00
TRD000482,2026-08-16,PB_GLOBAL,A.Sharma,IRS,SELL,1000,215.47,CP014,TRDACC72422,US,USD,2026-08-17,ISIN572892896,2026-08-16T17:51:00
TRD000483,2026-03-25,CASH_EQ_EMEA,L.Chen,Equity,BUY,250,64.13,CP005,TRDACC42739,GB,INR,2026-03-26,ISIN897989079,2026-03-25T19:25:00
TRD000484,2026-03-17,EQD_NY,R.Patel,Equity,BUY,5000,234.31,CP014,TRDACC28737,EU,SGD,2026-03-19,ISIN903090102,2026-03-17T18:03:00
TRD000485,2026-08-06,PB_GLOBAL,L.Chen,IRS,SELL,1000,159.12,CP028,TRDACC54204,IN,JPY,2026-08-07,ISIN572299301,2026-08-06T19:17:00
TRD000486,2026-06-14,EQD_LON,A.Sharma,IRS,SELL,5000,16.1,CP017,TRDACC26554,EU,USD,2026-06-15,ISIN235536465,2026-06-14T11:29:00
TRD000487,2026-09-20,FX_G10,R.Patel,IRS,BUY,250,145.09,CP024,TRDACC59082,SG,GBP,2026-09-21,ISIN663763020,2026-09-20T16:23:00
TRD000488,2026-07-15,PB_GLOBAL,L.Chen,GDR,SELL,1000,87.26,CP010,,JP,INR,2026-07-16,,2026-07-15T09:16:00
TRD000489,2026-07-12,RATES_APAC,A.Sharma,ETF,BUY,2500,56.41,CP013,TRDACC36978,GB,SGD,2026-07-13,ISIN175732768,2026-07-12T12:08:00
TRD000490,2026-11-13,EQD_LON,K.Ito,IRS,SELL,500,207.34,CP020,TRDACC45665,JP,EUR,2026-11-16,ISIN897695393,2026-11-13T15:09:00
TRD000491,2026-04-14,PB_GLOBAL,M.Jones,GDR,SELL,100,31.26,CP026,TRDACC65269,JP,GBP,2026-04-17,ISIN747805692,2026-04-14T13:15:00
TRD000492,2026-10-11,FX_G10,M.Jones,GDR,SELL,5000,73.78,CP019,TRDACC15518,JP,EUR,2026-10-14,ISIN623837795,2026-10-11T17:53:00
TRD000493,2026-11-29,RATES_APAC,K.Ito,FX Forward,SELL,500,165.3,CP027,TRDACC97696,JP,SGD,2026-12-02,ISIN594718999,2026-11-29T16:02:00
TRD000494,2026-06-06,CASH_EQ_EMEA,R.Patel,Equity,BUY,500,117.04,CP012,TRDACC83200,SG,GBP,2026-06-08,ISIN448442536,2026-06-06T19:40:00
TRD000495,2026-11-30,RATES_APAC,R.Patel,IRS,SELL,5000,107.46,CP011,TRDACC73627,EU,USD,2026-12-03,ISIN633856589,2026-11-30T10:48:00
TRD000496,2026-02-07,PB_GLOBAL,S.Kulkarni,IRS,SELL,100,31.73,CP013,TRDACC62003,IN,SGD,2026-02-09,ISIN812095032,2026-02-07T12:09:00
TRD000497,2026-11-25,RATES_APAC,M.Jones,ETF,BUY,250,44.89,CP008,TRDACC64044,GB,JPY,2026-11-26,ISIN361649622,2026-11-25T17:30:00
TRD000498,2026-02-20,EQD_LON,L.Chen,GDR,SELL,250,87.2,CP011,TRDACC80170,IN,GBP,2026-02-23,ISIN365101864,2026-02-20T17:08:00
TRD000499,2026-08-15,PB_GLOBAL,S.Kulkarni,ETF,BUY,5000,23.81,CP006,TRDACC46187,US,INR,2026-08-18,ISIN611773745,2026-08-15T10:04:00
TRD000500,2026-09-12,EQD_LON,K.Ito,GDR,SELL,250,193.91,CP011,TRDACC86997,GB,INR,2026-09-14,ISIN730149505,2026-09-12T08:39:00
